A,B,C,D,E,F,G
WIT,,,,,,
7K5000-390,7K5000-390.WH1129N,,7K5000-390.WH1129N,,,
7K5002-390,7K5002-390.WH1730N,,7K5002-390.WH1730N,,,
SR BATHING,DTC_CUSTOM,,SR Bathing for CC Entry,,,
STMX,STMX,4c. Mixing Valve,Temperature Control Valve,Installation,105,
2848D09CLL,2848.D09.CLL,,2848.D09.ComboLeftLinen,,,
2848D09CLW,2848.D09.CLW,,2848.D09.ComboLeftWhite,,,
2848D09CRL,2848.D09.CRL,,2848.D09.ComboRightLinen,,,
2848D09CRW,2848.D09.CRW,,2848.D09.ComboRightWhite,,,
2848D1ACLL,2848.D1A.CLL,,2848.D1A.Combo Left Linen,,,
2848D1ACLW, 2848.D1A.CLW,,2848.D1A.Combo Left White,,,
2848D1ACRL,DTC_CUSTOM,,2848.D1A.Combo Right Lin,,,
2848D1ACRW,2848D1ACRW,,2848.D1A.Combo Right Wht,,,
2848D1BSLL,2848.D1B.SLL,,2848.D1B.Soaker Left LN,,,
2848D1BSLW,2848.D1B.SLW,,2848.D1B.Soaker Left Whit,,,
2848D1BSRL,2848.D1B.SRL,,2848.D1B.Soaker Right LN,,,
2848D1BSRW,2848.D1B.SRW,,2848.D1B.Soaker Right Wht,,,
3051D1ACLL,3051.D1A.CLL,,3051.D1A.Combo Left Linen,,,
3051D1ACLW,3051.D1A.CLW,,3051.D1A.Combo Left White,,,
3051D1ACRL,3051.D1A.CRL,,3051.D1A.Combo Right Lin,,,
3051D1ACRW,3051.D1A.CRW,,3051.D1A.Combo Right Wht,,,
3051D1BSLL,3051.D1B.SLL,,3051.D1B.Soaker Left Lin,,,
3051D1BSLW,3051.D1B.SLW,,3051.D1B.Soaker Left Wht,,,
3051D1BSRL,3051.D1B.SRL,,3051.D1B.Soaker Right Lin,,,
3051D1BSRW,3051.D1B.SRW,,3051.D1B.Soaker Right Wht,,,
3052D09CLL,3052.D09.CLL,,3052.D09.ComboLeftLinen,,,
3052D09CLW,3052.D09.CLW,,3052.D09.ComboLeftWhite,,,
3052D09CRL,3052.D09.CRL,,3052.D09.ComboRightLinen,,,
3052D09CRW,3052.D09.CRW,,3052.D09.ComboRightWhite,,,
3052OD9CLL,3052OD.D09.CLL-PC,,3052OD.D09.ComboLftLN-PC,,,
3052OD9CLW,3052OD.D09.CLW-PC,,3052OD.D09.ComboLftWH-PC,,,
3052OD9CRL,3052OD.D09.CRL-PC,,3052OD.D09.ComboRghtLN-PC,,,
3052OD9CRW,3052OD.D09.CRW-PC,,3052OD.D09.ComboRhtWH-PC,,,
3052ODD09SLW,3052OD.D09.SLW-PC,,GEL OOD 3052 LH SOAKER,,,
3052ODD09SRW,3052OD.D09.SRW-PC,,GEL OOD 3052 RH SOAKER,,,
3052ODCLL,3052OD.D0A.CLL,,3052OD.D0A.Combo Left LN,,,
3052ODCLW,3052OD.D0A.CLW,,3052OD.D0A.Combo Left White,,,
3052ODCRL,3052OD.D0A.CRL,,3052OD.D0A.Combo Right LN,,,
3052ODCRW,3052OD.D0A.CRW,,3052OD.D0A.Combo Right WH,,,
3252OD9CLL,3252OD.D09.CLL-PC,,252OD.D09.ComboLftLN-PC,,,
3252OD9CLW,3252OD.D09.CLW-PC,,30252OD.D09.ComboLftWH-PC,,,
3252OD9CRL,3252OD.D09.CRL-PC,,3252OD.D09.ComboRtLN-PC,,,
3252OD9CRW,3252OD.D09.CRW-PC,,3252OD.D09.ComboRtWH-PC,,,
3252ODD09SLW,3252OD.D09.SLW-PC,,GEL OOD 3252 LH SOAKER,,,
3252ODD09SRW,3252OD.D09.SRW-PC,,GEL OOD 3252 RH SOAKER,,,
3252ODCLL,3252OD.D0A.CLL,,3252OD.D0A.Combo Left LN,,,
3252ODCLW,3252OD.D0A.CLW,,3252OD.D0A.Combo Left WH,,,
3252ODCRL,3252OD.D0A.CRL,,3252.D0A.Combo Right LN,,,
3252ODCRW,3252OD.D0A.CRW,,3252OD.D0A.Combo Right WH,,,
3260D1ACLL,3260.D1A.CLL,,3260.D1A.Combo Left Lin,,,
3260D1ACLW,3260.D1A.CLW,,3260.D1A.Combo Left Wht,,,
3260D1ACRL,3260.D1A.CRL,,3260.D1A.Combo Right Lin,,,
3260D1ACRW,3260.D1A.CRW,,3260.D1A.Combo Right Wht,,,
3260DIBSLW,3260.D1B.SLW,,3260.D1B.Soaker Left  Wht,,,
3260D1BSRW,3260.D1B.SRW,,3260.D1B.Soaker Right Wht,,,
TOILETS & BIDET,,,,,,
3478128ST.020,3478128ST.020,Cadet Toilet White,Cadet TTG White,Toilet,656,
3478128ST.222,3478128ST.222,Cadet Toilet Linen,Cadet TTG Linen,Toilet,656,
8012A80GRC,8012A80GRC-020,,Bidet with Side Panel,,,750.0
WIT EXT KITS & PANELS,,,,,,
9EP-28.FL,9EP-28.FL,,End Panel-Faucet Ln 2848,,,
9EP-28.FW,9EP-28.FW,,End Panel Faucet Wht 2848,,,
9EP-28.SL,9EP-28.SL,,End Panel-Seat Ln 2848,,,
9EP-28.SW,9EP-28.SW,,End Panel Seat Wht 2848,,,
9EP-30.FL,9EP-30.FL,,End Panel -Faucet Ln 3051,,,
9EP-30.FW,9EP-30.FW,,End Panel-Faucet Wht 3051,,,
9EP-30.SL,9EP-30.SL,,End Panel-Seat Ln,,,
9EP-30.SW,9EP-30.SW,,End Panel-Seat Wht,,,
9EP-32.FL,9EP-32.FL,,End Panel-Faucet Ln 3260,,,
9EP-32.FW,9EP-32.FW,,End Panel-Faucet Wht 3260,,,
9EP-32.SW,9EP-32.SW,,End Panel - Seat WH 3260,,,
9EXT.L,9EXT.L,,Tub Extender Linen,,,
9EXT.W,9EXT.W,,Tub Extender-White,,,
9EXT-48GL,9EXT-48GL	,,Extention Kit GLinen 2848,,,
9EXT-48GW,9EXT-48GW,,Extention Kit GWhite-2848,,,
9EXT-52GL,9EXT-52GL,,Extention Kit GLinen 3052,,,
9EXT-52GW,9EXT-52GW,,Extention Kit GWH -3052,,,
9EXTOD30GL,9EXT-OD3052GL,,OD3052 EXT KIT GL,,,
9EXTOD30GW,9EXT-OD3052GW,,OD3052 EXT KIT GW,,,
9EXTOD32GL,9EXT-OD3252GL,,OD3252 EXT KIT GL,,,
9EXTOD32GW,9EXT-OD3252GW,,OD3252 EXT KIT GW,,,
WIT ACCESORRIES,,,,,,
9GB-24,9GB-24,"Chrome 24"" Safety Bar","24"" Safety Bar Chrome",Grab Bar,298,
9HSB,9HSB,,Hand Shower Grab Bar,,,
9NRGRIP,9NRGRIP,,Neck Rest,,,
9TC-48W,9TC-48W,,L Shaped Curt Rod Kit WH,,,
WIT WALLS ,,,,,,
7T3000-320,7T3000-320.WH0255N,,Window Kit 55 Col ART WH,,,
7W0100-WH4567,7W0100-WH4567,White WIT,CO.EX.125X45X67-WH (1),Shower Wall,1895,
7W0101-LN4567,7W0101-LN4567,Linen WIT,CO.EX.125X45X67-BC (1),Shower Wall,1895,
7W0106-GM6048,7W0106-GM6048,,WIT FLAT SURROUND SET-GRAY MARBLE,,,
7W2014-TS6048,7W2014-TS6048,Tibur Stone 12x12 WIT,"WIT 12"" TILE SURROUND SET-TIBERSTONE",Shower Wall,2455,
SENIOR SHOWERS,,,,,,
4832WHFT2C,DTC4832101.260,,4832 Value White Flt C 2,,,
4832WHFT2D,DTC4832102.260,,4832 Value Wh Flt Door 2,,,
4832MBFT4C,DTC4832201.157,,4832 Dlx Marble Flt C 4,,,
4832WHTL4C,DTC4832201.260,,4832 Delux White Tile C 4,,,
4832MBFT4D,DTC4832202.157,,4832 Dlx Marble Flat D 4,,,
4832WHTL4D,DTC4832202.260,,4832 Dlx White Tile D 4,,,
6032LWHF2C,DTC6032LH101.260,,6032 Value LH Wh Flat C 2,,,
6032LWHF2D,DTC6032LH102.260,,6032 Val LH Wh Ft D 2,,,
6032LMBF4C,DTC6032LH201.157,,6032 Dlx LH Marble Ft C 4,,,
6032LWHT4C,DTC6032LH201.260,,6032 Dlx LH Wh Tile C 4,,,
6032LMBF4D,DTC6032LH202.157,,6032 Dlx LH Mb Flat D 4,,,
6032LWHT4D,DTC6032LH202.260,,6032 Dlx LH Wh Tile D 4,,,
6032RWHF2C,DTC6032RH101.260,,6032 Value RH Wh Flat C2,,,
6032RWHF2D,DTC6032RH102.260,,6032 Val Rh Wh Flat D 2,,,
6032RMBF4C,DTC6032RH201.157,,6032 Dlx RH Mb Flat C 4,,,
6032RWHT4C,DTC6032RH201.260,,6032 Dlx RH Wh Tile C 4,,,
6032RMBF4D,DTC6032RH202.157,,6032 Dlx RH Mb Flat D 4,,,
6032RWHT4D,DTC6032RH202.260,,6032 Dlx RH Wh Tile D 4,,,
DTCSEAT100,DTCSEAT100,,SB VALUE SEAT,,,
DTCSEAT200,DTCSEAT200,,SB DELUXE SEAT,,,
BATH REMODEL,,,,,,
BATHTUBS,,,,,,
2390202.011,2390202.020,,Princeton Americast 6030 LH WH,,,
2390202.222,2390202.222,Princeton 6030 Linen,Princeton Americast 6030 LH LN,Replacement Tub,0,
2391202.011,2391202.020,,Princeton Americast 6030 RH WH,,,
2391202.222,2391202.222,Princeton 6030 Linen,Princeton Americast 6030 RH LN,Replacement Tub,0,
2460002.011,2460002.020,,Cambridge Americast LH WH 6032,,,
2460002.222,2460002.222,Cambridge 6032 Linen,Cambridge Americast LH LN 6032,Replacement Tub,0,
2461002.011,2461002.020,,Cambridge Americast RH WH 6032,,,
2461002.222,2461002.222,Cambridge 6032 Linen,Cambridge Americast RH LN 6032,Replacement Tub,0,
a,,,,,,
7D4000550WH0015,7D4000-550.WH0015N,,Waste & Overflow Kit WH,,,
7D4001550LN0015,7D4001-550.LN0015N,,Waste & Overflow Kit LN,,,
7D4002550CH0015,7D4002-550.CH0015N,,Waste & Overflow Kit CH,,,
7D4003550BN0015,7D4003-550.BN0015N,,Waste & Overflow Kit BN,,,
7D4004550LB0015,7D4004-550.LB0015N,,Waste & Overflow Kit LB,,,
7D4005550MB0015,7D4005-550.MB0015N,,Waste & Overflow Kit MB,,,
7D4007550NA0009,7D4007-550.NA0009N,,Extension Tube for Waste,,,
SHOWER BASES & NO CAULK DRAINS,,,,,,
CUSTOM SHOWER PANS,,,,,,
B2000219WH0000N,7B2000-219.WH0000N,,Custom Shower - White,,,
B2001219LN0000N,7B2001-219.LN0000N,,Custom Shower Base - Linen,,,
7B2100949NA0000,7B2100-949.NA0000N,,ONYX Custom Shower Base,,,
,,,,,,
NO CAULK DRAINS,,,,,,
7D1002550CH0002,7D1002-550.CH0002N ,,BRASS NO CAULK DRAIN,,,
7D1004510NA0004,7D1004-510.NA0004N,,PVC DRAIN,,,
SHOE MOLDING,,,,,,
7T8000240WH0160,7T8000-240.WH0160N,,Shoe Molding White,,,
7T8002240CE0160,7T8002-240.CE0160N,,Shoe Molding Cameo,,,
7T8003240GL0160,7T8003-240.GL0160N,,Shoe Molding Grey,,,
WHITE SHOWER PANS,,,,,,
B4063240WH3636C,7B4063-240.WH3636C,,Ultra Low Base Center Drain 3636 White,,,
B4052240WH4832C,7B4052-240.WH4832C,,48 x 32 Shower Base - Center Drain White,,,
B4060240WH4834C,7B4060-240.WH4834C,,48 x 34 Ultra Low Base Center Drain - White,,,
B4056240WH4836C,7B4056-240.WH4836C,,48 x 36 Shower Base - Center Drain - White,,,
B5000240WH6030L,7B5000-240.WH6030L,,60 x 30 x 2.6 Ultra Low Bases - White,,,
B5003240WH6030R,7B5003-240.WH6030R,,60 x 30 x 2.6 Ultra Low Bases - White,,,
B5006240WH6032L,7B5006-240.WH6032L,,60 x 32 x 2.6 Ultra Low Bases - White,,,
B5009240WH6032R,7B5009-240.WH6032R,,60 x 32 x 2.6 Ultra Low Bases - White,,,
7B4066240WH6032,7B4066-240.WH6032C,,60x32 CTR DRAIN WHITE SHOWER,,,
B4048240WH6036C,7B4048-240.WH6036C,,60 x 36 Shower Base - center drain - White,,,
LINEN SHOWER PANS,,,,,,
7B4070240LN3636,7B4070-240.LN3636C,,Ultra Low 3636 Center Cameo,,,
7B4054240CE4832,7B4054-240.CE4832C,,48 x 32 Shower Base - Center Drain- Cameo,,,
B4054240CE4832C,7B4054-240.CE4832C,,48 x 32 Shower Base - Center Drain Cameo,,,
7B4058240CE4836,7B4058-240.CE4836C,,48 x 36 Shower Base - Center Drain -Cameo,,,
B4058240CE4836C,7B4058-240.CE4836C,,48 x 36 Shower Base - Center Drain  - Cameo,,,
7B4071240LN4834,7B4071-240.LN4834C,,Ultra Low 4834 Center Cameo,,,
7B4072240LN6030,7B4072-240.LN6030R,,Ultra Low 6030 RH Cameo,,,
7B4073240LN6030,7B4073-240.LN6030L,,Ultra Low 6030 LH Cameo,,,
7B4074240LN6032,7B4074-240.LN6032R,,Ultra Low 60X32 RH CAMEO BASE,,,
7B4075240LN6032,7B4075-240.LN6032L,,Ultra Low 60X32 LH CAMEO BASE,,,
B4068240CE6032C,7B4068-240.CE6032C,,60 X 32 SHOWER BASE - CENTER LINEN,,,
7B4076240LN6036,7B4076-240.LN6036C,,Ultra Low 60X36 Center Drain  CAMEO BASE,,,
GREY SHOWER PANS,,,,,,
B4065240GR3636C,7B4065-240.GR3636C,,36 x 36 CTR Gray Base,,,
7B4055240GR4832,7B4055-240.GR4832C,,48 x 32 Shower Base - Center Drain,,,
B4062240GR4834C,7B4062-240.GR4834C,,48 x 34 Center Grey Base,,,
7B4059240GR4836,7B4059-240.GR4836C,,48 x 36 Shower Base - Center Drain- Grey,,,
B5002240GR6030L,7B5002-240.GR6030L,,60 x 30 x 2.6 Ultra Low B,,,
B5005240GR6030R,7B5005-240.GR6030R,,60 x 30 x 2.6 Ultra Low B,,,
B5008240GR6032L,7B5008-240.GR6032L,,60 x 32 x 2.6 Ultra Low B,,,
B5011240GR6032R,7B5011-240.GR6032R,,"60"" x 32"" x 2.6 Ultra Low",,,
7B4069240GR6032,7B4069-240.GR6032C,,60X32 GREY CTR DRAIN,,,
B4051240GR6036C,7B4051-240.GR6036C,,60 X 36 SHOWER BASE - CEN,,,
NEO-ANGLE SHOWER PANS,,,,,,
B6000240LN3636C,7B6000-240.LN3636C,,"Neo 36"" Biscuit Base",,,
B6001221LN3838C,7B6001-221.LN3838C,,"Neo 38"" Biscuit Base",,,
B6003221LN4242C,7B6003-221.LN4242C,,"Neo 42"" Biscuit Base",,,
B6004221WH3636C,7B6004-221.WH3636C,,"Neo 36"" White Base",,,
B6005221WH3838C,7B6005-221.WH3838C,,"Neo 38"" White Base",,,
B6007221WH4242C,7B6007-221.WH4242C,,"Neo 42"" White Base",,,
CADDIES/SHELVES/PODS,,,,,,
ACRYLIC CORNER SHELVES,,,,,,
7C0000220WH0110,7C0000-220.WH0110N,,Acrylic Corner Shelves White,,,
7C0001220LN0110,7C0001-220.LN0110N,,Acrylic Corner Shelves Linen,,,
7C0004220RS0110,7C0004-220.RS0110N,,Acrylic Corner Shelves Roman Stone,,,
7C0005220SV0110,7C0005-220.SV0110N,,Acrylic Corner Shelves Silver Vein,,,
7C0006220TS0110,7C0006-220.TS0110N,,Acrylic Corner Shelves Tibur Stone,,,
7C0008220VM0110,7C0008-220.VM0110N,,Acrylic Corner Shelves Vienna Mist,,,
ACRYLIC SOAPDISHES,,,,,,
7C3000220WH0705,7C3000-220.WH0705N,,Acrylic Soap Dish White,,,
7C3003220RS0705,7C3003-220.RS0705N,,Acrylic Soap Dish Roman Stone,,,
7C3004220LN0705,7C3004-220.LN0705N,,Acrylic Soap Dish Linen,,,
7C3005220SV0705,7C3005-220.SV0705N,,Acrylic Soap Dish Silver Vein,,,
7C3006220TS0705,7C3006-220.TS0705N,,Acrylic Soap Dish Tibur Stone,,,
7C3008220VM0705,7C3008-220.VM0705N,,Acrylic Soap Dish Vienna Mist,,,
STORAGE PODS,,,,,,
7C5003250SS1414,7C5003-250.SS1414N,,Storage Pod SS 14x14,,,
7C5037250MB1414,7C5037-250.MB1414N,,Storage Pod MB 14x14,,,
SOLID SURFACE CORNER SHELVES,,,,,,
7C6000240WH0710,7C6000-240.WH0710N,,SS Corner Shelf White ,,,
7C6001240CE0710,7C6001-240.CE0710N,,SS Corner Shelf Cameo,,,
7C6003240GG0710,7C6003-240.GG0710N,,Grey Garden - CORNER SHELVES,,,
7C6004240WR0710,7C6004-240.WR0710N,,White Reef- CORNER SHELVES,,,
7C6005240BM0710,7C6005-240.BM0710N ,,Bitusa Marble - CORNER SHELVES,,,
METALLIC CORNER BASKETS,,,,,,
7C0100250CH1012,7C0100-250.CH1012N,,Metal Shelf CH,,,
7C0101250BN1012,7C0101-250.BN1012N,,Metal Shelf BN,,,
7C0102250LB1012,7C0102-250.LB1012N,,Metal Shelf LB,,,
7C0103250MB1012,7C0103-250.MB1012N,,Metal Shelf MB,,,
TEAK CORNER SHELVES AND SHAMPOO SHELVES,,,,,,
C0101250BN1408N,7C0101-250.BN1408N,,Corner Shelf Teak BN,,,
C0100250CH1408N,7C0100-250.CH1408N,,Corner Shelf Teak CH,,,
C0102250MB1408N,7C0102-250.MB1408N,,Corner Shelf Teak MB,,,
C4100250CH1804N,7C4100-250.CH1804N,,Shampoo Shelf Teak CH,,,
C4101250BN1804N,7C4101-250.BN1804N,,Shampoo Shelf Teak BN,,,
C4102250MB1804N,7C4102-250.MB1804N,,Shampoo Shelf Teak MB,,,
CURTAIN RODS,,,,,,
CURVED RODS AND BRACKETS,,,,,,
7E1000250CH0060,7E1000-250.CH0060N,,"Curved Shower Rod 60"" Chrome",,,
7E1001250BN0060,7E1001-250.BN0060N,,"Curved Shower Rod 60"" BN",,,
7E1002250MB0060,7E1002-250.MB0060N,,"Curved Shower Rod 60"" MB",,,
7E1003250CH0066,7E1003-250.CH0066N,,Curved Shower Rod 6' Chrome,,,
7E1004250BN0066,7E1004-250.BN0066N,,Curved Shower Rod 6' BN,,,
7E1005250MB0066,7E1005-250.MB0066N,,Curved Shower Rod 6' MB,,,
7E1006250CH0036,7E1006-250.CH0036N,,"Curved Shower Rod 36"" CH",,,
7E1007250BN0036,7E1007-250.BN0036N,,"Curved Shower Rod 36"" BN",,,
7E1008250MB0036,7E1008-250.MB0036N,,"Curved Shower Rod 36"" MB",,,
7E1009250CH0048,7E1009-250.CH0048N,,"Curved Shower Rod 48"" CH",,,
7E1010250BN0048,7E1010-250.BN0048N,,"Curved Shower Rod 48"" BN",,,
7E1011250MB0048,7E1011-250.MB0048N,,"Curved Shower Rod 48"" MB",,,
7E0100250CH0125,7E0100-250.CH0125N,,CURVED SHOWER ROD PIVOT FLANGES CH,,,
7E0101250BN0125,7E0101-250.BN0125N,,CURVED SHOWER ROD PIVOT FLANGES BN,,,
7E0102250MB0125,7E0102-250.MB0125N,,CURVED SHOWER ROD PIVOT FLANGES MB,,,
STRAIGHT RODS AND BRACKETS,,,,,,
7E2100250CH0036,7E2100-250.CH0036N,,"1” O.D. 36"" Straight Shower Rod CH",,,
7E2101250BN0036,7E2101-250.BN0036N,,"1” O.D. 36"" Straight Shower Rod BN",,,
7E2102250MB0036,7E2102-250.MB0036N,,"1” O.D. 36"" Straight Shower Rod MB",,,
7E2103250CH0048,7E2103-250.CH0048N,,"1” O.D. 48"" Straight Shower Rod CH",,,
7E2104250BN0048,7E2104-250.BN0048N,,"1” O.D. 48"" Straight Shower Rod BN",,,
7E2105250MB0048,7E2105-250.MB0048N,,"1” O.D. 48"" Straight Shower Rod MB",,,
7E2106250CH0060,7E2106-250.CH0060N,,"1” O.D. 60"" Straight Shower Rod CH",,,
7E2107250BN0060,7E2107-250.BN0060N,,"1” O.D. 60"" Straight Shower Rod BN",,,
7E2108250MB0060,7E2108-250.MB0060N,,"1” O.D. 60"" Straight Shower Rod MB",,,
7E2109250CH0072,7E2109-250.CH0072N,,"1” O.D. 72"" Straight Shower Rod CH",,,
7E2110250BN0072,7E2110-250.BN0072N,,"1” O.D. 72"" Straight Shower Rod BN",,,
7E2111250MB0072,7E2111-250.MB0072N,,"1” O.D. 72"" Straight Shower Rod MB",,,
7E0210250CH0001,7E0210-250.CH0001N,,"1"" Straight Rod Flange CH",,,
7E0211250BN0001,7E0211-250.BN0001N,,"1"" Straight Rod Flange BN",,,
7E0212250MB0001,7E0212-250.MB0001N,,"1"" Straight Rod Flange MB",,,
DOORS,,,,,,
TUB BY-PASS,,,,,,
7G0300350CH6058,7G0300-350.CH6058N,,56-60 in. W x 58 in. H Tub Door CH,,,
7G0302350LB6058,7G0302-350.LB6058N,,56-60 in. W x 58 in. H Tub Door ORB,,,
G0110250CH6065N,7G0110-250.CH6065N,,"Celesta Tub Dr 60""x65""CH",,,
G0111250BN6065N,7G0111-250.BN6065N,,"Celesta Tub Dr 60""x65""BN",,,
G0112250MB6065N,7G0112-250.MB6065N,,"Celesta Tub Dr 60""x65""MB",,,
G0113250LB6065N,7G0113-250.LB6065N,,Celesta Tub Door 60x65ORB,,,
G0114250CH6065N,7G0114-250.CH6065N,,"Celesta Tub Dr 60""x65""CH-SILK",,,
G0115250BN6065N,7G0115-250.BN6065N,,"Celesta Tub Dr 60""x65""BN-SILK",,,
G0116250MB6065N,7G0116-250.MB6065N,,"Celesta Tub Dr 60""x65""MB-SILK",,,
G0117250LB6065N,7G0117-250.LB6065N,,"Celesta Tub Dr 60""x65""MB-SILK",,,
HINGE/PIVOT DOOR,,,,,,
SHDR2034722-01,7G1500-250.CH3572N,,Hinge Door LS - 34-35-72 Chrome,,,
SHDR2034722-06,7G1502-250.LB3572N,,Hinge Door - 34-35-72 ORB,,,
SHDR2046722-06,7G1510-250.LB4772N,,Hinge Door - 46-47 ORB,,,
SHDR2058722-04,7G1521-250.BN5972N,,Hinge Door - 58-59 Brushed Nickel,,,
SHDR2058722-06,7G1522-250.LB5972N,,Hinge Door - 58-59 ORB,,,
G1100250CH6076N,7G1100-250.CH6076N,,"Copa-935 Pvt Dr 60""x76""CH",,,
G1101250BN6076N,7G1101-250.BN6076N,,"Copa-935 Pvt Dr 60""x76""BN",,,
G1102250MB6076N,7G1102-250.MB6076N,,"Copa-935 Pvt Dr 60""x76""MB",,,
G1120250LB6076N,7G1120-250.LB6076N,,Copa-935 Pvt Dr 60x76ORB,,,
G1103250CH4876N,7G1103-250.CH4876N,,"Copa-935 Pvt Dr 48""x76""CH",,,
G1104250BN4876N,7G1104-250.BN4876N,,"Copa-935 Pvt Dr 48""x76""BN",,,
G1105250MB4876N,7G1105-250.MB4876N,,"Copa-935 Pvt Dr 48""x76""MB",,,
G1121250LB4876N,7G1121-250.LB4876N,,Copa-935 Pvt Dr 48x76ORB ,,,
G1110250CH3276N,7G1110-250.CH3276N,,"Copa-900 Pvt Dr 32""x76""CH",,,
G1111250BN3276N,7G1111-250.BN3276N,,"Copa-900 Pvt Dr 32""x76""BN",,,
G1112250MB3276N,7G1112-250.MB3276N,,"Copa-900 Pvt Dr 32""x76""MB",,,
G1122250LB3276N,7G1122-250.LB3276N,,Copa-900 Pvt Dr 32x76ORB,,,
G1113250CH3676N,7G1113-250.CH3676N,,"Copa-900 Pvt Dr 36""x76""CH",,,
G1114250BN3676N,7G1114-250.BN3676N,,"Copa-900 Pvt Dr 36""x76""BN",,,
G1115250MB3676N,7G1115-250.MB3676N,,"Copa-900 Pvt Dr 36""x76""MB",,,
G1123250LB3676N,7G1123-250.LB3676N,,Copa-900 Pvt Dr 36x76ORB,,,
G1116250CH4276N,7G1116-250.CH4276N,,"Fusion Pvt Dr 42""x74""CH",,,
G1117250BN4276N,7G1117-250.BN4276N,,"Fusion Pvt Dr 42""x74""BN",,,
G1118250MB4276N,7G1118-250.MB4276N,,"Fusion Pvt Dr 42""x74""MB",,,
G1124250LB4276N,7G1124-250.LB4276N,,"Fusion Pvt Dr 42""x74""ORB",,,
SHOWER BY-PASS (SLIDER),,,,,,
7G1700350CH4876,7G1700-350.CH4876N,,44-48 in. W x 76 in. H Bypass CH Door ,,,
7G1701350BN4876,7G1701-350.BN4876N,,44-48 in. W x 76 in. H Bypass BN Door,,,
7G1702350LB4876,7G1702-350.LB4876N,,44-48 in. W x 76 in. H Bypass ORB Door,,,
7G1703350MB4876,7G1703-350.MB4876N,,44-48 in. W x 76 in. H Bypass MB Door,,,
RTLA-905-56X76XPSV,7G2600-290.CH5476N,,"54"" Rotolo 52"" - 56"" CH",,,
RTLA-905-56X76XPBN,7G2601-290.BN5476N,,"54"" Rotolo 52"" - 56"" BN",,,
7G1706350LB5476,7G1706-350.LB5476N,,50-54 in. W x 76 in. H Bypass ORB Door,,,
7G1707350MB5476,7G1707-350.MB5476N,,50-54 in. W x 76 in. H Bypass MB Door,,,
G1300250CH6076N,7G1300-250.CH6076N,,Celesta Byps Shwr 60x76CH,,,
G1301250BN6076N,7G1301-250.BN6076N,,Celesta Byps Shwr 60x76BN,,,
G1303250MB6076N,7G1303-250.MB6076N,,Celesta Byps Shwr 60x76MB,,,
G1304250CH4876N,7G1304-250.CH4876N,,Celesta Byps Shwr 48x76CH,,,
G1305250BN4876N,7G1305-250.BN4876N,,Celesta Byps Shwr 48x76BN,,,
G1307250MB4876N,7G1307-250.MB4876N,,Celesta Byps Shwr 48x76MB,,,
G1308250LB4876O,7G1308-250.LB4876N,,Celesta BypsShwr 48x76ORB,,,
G1308250LB6076N,7G1308-250.LB6076N,,Celesta BypsShwr 60x76ORB,,,
G1309250CH6076N,7G1309-250.CH6076N,,Celesta Byps Shwr 60x76CH-SILK,,,
G1310250BN6076N,7G1310-250.BN6076N,,Celesta Byps Shwr 60x76BN-SILK,,,
G1311250MB6076N,7G1311-250.MB6076N,,Celesta Byps Shwr 60x76MB-SILK,,,
G1312250LB6076N,7G1312-250.LB6076N,,Celesta BypsShwr 60x76ORB-SILK,,,
G1313250CH4876N,7G1313-250.CH4876N,,Celesta Byps Shwr 48x76CH-SILK,,,
G1314250BN4876N,7G1314-250.BN4876N,,Celesta Byps Shwr 48x76N-SILK,,,
G1315250MB4876N,7G1315-250.MB4876N,,Celesta Byps Shwr 48x76MB-SILK,,,
G1316250LB4876N,7G1316-250.LB4876N,,Celesta BypsShwr 48x76ORB-SILK,,,
BARN DOORS,,,,,,
G2100250CH6076N,7G2100-250.CH6076N,,"Rotolo BARN 60"" x 76"" CH",,,
G2102250MB6076N,7G2102-250.MB6076N,,"Rotolo BARN Door 60"" x 76"" MB",,,
G2101250BN6076N,7G2101-250.BN6076N,,"Rotolo BARN Door 60"" x 76"" BN",,,
G2103250CH4876N,7G2103-250.CH4876N,,"Rotolo Door 48"" x 76"" CH",,,
G2104250BN4876N,7G2104-250.BN4876N,,"Rotolo Door 48"" x 76"" BN",,,
G2105250MB4876N,7G2105-250.MB4876N,,"Rotolo Door 48"" x 76"" MB",,,
G2110250LB6076N,7G2110-250.LB6076N,,"Rotolo Door 60"" x 76"" ORB",,,
G2111250LB4876N,7G2111-250.LB4876N,,"Rotolo Door 48"" x 76"" ORB",,,
G2202250MB6076N,7G2202-250.MB6076N,,"Rotolo Grid Glass 60""x76""",,,
G2205250MB4876N,7G2205-250.MB4876N,,"Rotolo Grid Glass 48""x76""",,,
SHDR61607620-06,7G2302-250.LB6076N,,Barn Door 56-60 Oil Rubbed Bronze ,,,
SHDR61487620-06,7G2306-250.LB4876N,,Barn Door 44-48 Oil Rubbed Bronze,,,
G2502350MB4876N,7G2502-350.MB4876N,,Essence-H 44-48 in Barn MB,,,
OVERSIZED DOORS,,,,,,
ROLH-935-66X76XPPM,7G3100-299.CH6676N,,"Rolaire Custom 62"" - 66"" CH",,,
ROLH-935-66X72XPBS,7G3101-299.BN6676N,,"Rolaire Custom 62"" - 66"" BN",,,
ROLH-935-66X76XPWI,7G3102-299.MB6676N,,"Rolaire Custom 62"" - 66"" MB",,,
ROLH-935-72X76XPWI,7G3103-299.CH7276N,,"Rolaire Custom 68"" - 72"" CH",,,
ROLH-935-72X76XPBS,7G3104-299.BN7276N,,"Rolaire Custom 68"" - 72"" BN",,,
ROLH-935-72X76XPPM,7G3105-299.MB7276N,,"Rolaire Custom 68"" - 72"" MB",,,
RTLA-905-56X76XPSV,7G2600-290.CH5476N,,"54"" Rotolo 52"" - 56"" CH",,,
RTLA-905-56X76XPBN,7G2601-290.BN5476N,,"54"" Rotolo 52"" - 56"" BN",,,
RTLA-905-56X76XPWI,7G2602-290.MB5476N,,"54"" Rotolo 52"" - 56"" MB",,,
RTLA-905-56X76XPOR,7G2603-290.LB5476N,,"54"" Rotolo 52"" - 56"" LB",,,
NEO-ANGLE DOOR,,,,,,
7G6102350LB3472,7G6102-350.LB3472N,,34 in. x 72 in. Frameless Neo-Angle ORB,,,
7G6114350LB4072,7G6114-350.LB4072N,,40 in. x 72 in. Frameless Neo-Angle ORB,,,
G6200250CH3676N,7G6200-250.CH3676N,,"Infinity NEO 36"" x 76"" CH",,,
G6201250BN3676N,7G6201-250.BN3676N,,"Infinity NEO 36"" x 76"" BN",,,
G6202250MB3676N,7G6202-250.MB3676N,,"Infinity NEO 36"" x 76"" MB",,,
G6203250CH3876N,7G6203-250.CH3876N,,"Infinity NEO 38"" x 76"" CH",,,
G6204250BN3876N,7G6204-250.BN3876N,,"Infinity NEO 38"" x 76"" BN",,,
G6205250MB3876N,7G6205-250.MB3876N,,"Infinity NEO 38"" x 76"" MB",,,
G6206250CH4276N,7G6206-250.CH4276N,,"Infinity NEO 42"" x 76"" CH",,,
G6207250BN4276N,7G6207-250.BN4276N,,"Infinity NEO 42"" x 76"" BN",,,
G6208250MB4276N,7G6208-250.MB4276N,,"Infinity NEO 42"" x 76"" MB",,,
G6218250LB3676N,7G6218-250.LB3676N,,"Infinity NEO 36""x76"" ORB",,,
G6203250CH3876N,7G6203-250.CH3876N,,"Infinity NEO 38"" x 76"" CH",,,
G6204250BN3876N,7G6204-250.BN3876N,,"Infinity NEO 38"" x 76"" BN",,,
G6205250MB3876N,7G6205-250.MB3876N,,"Infinity NEO 38"" x 76"" MB",,,
G6219250LB3876N,7G6219-250.LB3876N,,"Infinity NEO 38""x76"" ORB",,,
G6220250LB4276N,7G6220-250.LB4276N,,"Infinity NEO 42""x76"" ORB",,,
PALLETS,,,,,,
7PK-AFRAMEAC,7PK-AFRAMEAC,,A-FRAME ACRYLIC TO DC,,,
7PK-AFRAMESS,7PK-AFRAMESS,,A-FRAME SOLID SURFACE TO DC,,,
7PKP5936,7PK-P5936,,5936 Pallet-MOMENT ONLY,,,
SAFETY BARS,,,,,,
7R1010250CH0024,7R1010-250.CH0024N,,Townsend Grab Bars CH,,,
7R1011250BN0024,7R1011-250.BN0024N,,Townsend Grab Bars BN,,,
7R1012250LB0024,7R1012-250.LB0024N,,Townsend Grab Bars MB,,,
7R2008250CH0024,7R2008-250.CH0024N,,Patience/Studio Grab Bars CH,,,
7R2009250BN0024,7R2009-250.BN0024N,,Patience/Studio Grab Bars BN,,,
7R2010250MB0024,7R2010-250.MB0024N,,Patience/Studio Grab Bars MB,,,
SEATS,,,,,,
,,,,,,
7S0001220WH2231,7S0001-220.WH2231N,,Corner Seat - Arctic White,,,
7S0002220LN2231,7S0002-220.LN2231N,,Corner Seat - Linen,,,
7S0005220RS2231,7S0005-220.RS2231N,,Corner Seat - Roman Stone,,,
7S0006220SV2231,7S0006-220.SV2231N,,Corner Seat - Silver Vein,,,
7S0007220TS2231,7S0007-220.TS2231N,,Corner Seat - Tibur Stone,,,
7S0009220VM2231,7S0009-220.VM2231N,,Corner Seat - Vienna Mist,,,
7S0100240WH3015,7S0100-240.WH3015N,,Solid Surface Corner Seat White,,,
7S0101240LN3015,7S0101-240.LN3015N,,Solid Surface Corner Seat Linen,,,
7S0102240GR3015,7S0102-240.GR3015N,,Solid Surface Corner Seat Grey ,,,
7S0103240BL3015,7S0103-240.BL3015N,,Solid Surface Corner Seat Black,,,
7S0110240GG3015,7S0110-240.GG3015N,,Solid Surface Corner Seat Grey Garden,,,
7S0111240WR3015,7S0111-240.WR3015N,,Solid Surface Corner Seat White Reef,,,
7S0112240BM3015,7S0112-240.BM3015N,,Solid Surface Corner Seat Bitusa Marble,,,
7S0113240CM3015,7S0113-240.CM3015N,,Solid Surface Corner Seat Camden,,,
7S0114240SR3015,7S0114-240.SR3015N,,Solid Surface Corner Seat Serenade,,,
7S0115240TO3015,7S0115-240.TO3015N,,Solid Surface Corner Seat Thunder Oak,,,
SLIMLINE SEATS,,,,,,
7S1204-250.WH1820N,7S1204-250.WH1820N,Slimline - White Chrome,Slimline Fold-Up WH/CH,Flip-Up Seat,646,
7S1212250BL1820,7S1212-250.BL1820N,,Slimline Fold-up Seat Black on Black,,,
7S1213250TK1820,7S1213-250.TK1820N,,Slimline Fold-up Seat Brushed Nickel Teak,,,
S1220250CH1820N,7S1220-250.CH1820N,,Teak Seat Slimline CH,,,
S1221250MB1820N,7S1221-250.MB1820N,,Teak Seat Slimline MB,,,
COMFORT PLUS SEAT,,,,,,
7S1300250CH2716,7S1300-250.CH2716N,,Comfort Plus White Chrome,,,
7S1301250TK2716,7S1301-250.TK2716N,,Comfort Plus Brushed Nickel Teak,,,
7S1302250BL2716,7S1302-250.BL2716N,,Comfort Plus Black Black,,,
S1222250CH1820N,7S1222-250.CH1820N,,Teak Seat Comfort Plus CH,,,
S1223250MB1820N,7S1223-250.MB1820N,,Teak Seat Comfort Plus MB,,,
KERDI KITS & TRIM,,,,,,
KERDI WALLS,,,,,,
N0005350NA3923N,7N0005-350.NA3923N,,Kerdi Membrane Kit Tub,,,
7N0007-250.NA48,7N0007-250.NA4864N,,Kerdi Board Pnl 48x64x1/2,,,
N0006250NA4832N,7N0006-250.NA4832N,,"0.5"" Kerdi Panel",,,
N0000250NA3933N,7N0000-250.NA3933N,,Kerdi Membrane 33',,,
N0001250NA0533N,7N0001-250.NA0533N,,Kerdi Band 33',,,
N0002250NA0005N,7N0002-250.NA0005N,,Kerdi Seal 0.5,,,
N0003250NA0075N,7N0003-250.NA0075N,,Kerdi Seal 0.75,,,
N0004350NA4838N,7N0004-350.NA4838N,,Kerdi Board Kit Shower,,,
N1000250NA0125N,7N1000-250.NA0125N,,Kerdi ZT Washer 100,,,
N1001250NA0002N,7N1001-250.NA0002N,,Kerdi ZS Screws 100,,,
N1002350NA1625N,7N1002-350.NA1625N,,Kerdi ZT ZS Washer & Screws Kit,,,
N1003250NA4148N,7N1003-250.NA4148N,,Kerdi-Board Reinforcement tape,,,
N1004250NA0005N,7N1004-250.NA0005N,,Kerdi-Board double sided tape,,,
SCHLUTER TRIM,,,,,,
7T0110250CH312O,7T0110-250.CH3125O,,Aluminum Corner Trim CH Jolly,,,
7T0111250BN312O,7T0111-250.BN3125O,,Aluminum Corner Trim BN Jolly,,,
7T0112250LB312O,7T0112-250.LB3125O,,Aluminum Corner Trim LB Jolly,,,
T0113250MB3125O,7T0113-250.MB3125O,,Aluminum Corner Trim MB Jolly,,,
T0114250WH3125O,7T0114-250.WH3125O,,Aluminum Corner Trim WH Jolly,,,
T0200250CH3125O,7T0200-250.CH3125O,,Aluminum Corner Trim CH Rondec,,,
T0201250BN3125O,7T0201-250.BN3125O,,Aluminum Corner Trim BN Rondec,,,
T0202250LB3125O,7T0202-250.LB3125O,,Aluminum Corner Trim LB Rondec,,,
T0203250MB3125O,7T0203-250.MB3125O,,Aluminum Corner Trim MB Rondec,,,
T0204250WH3125O,7T0204-250.WH3125O,,Aluminum Corner Trim WH Rondec,,,
T0205250CH3125O,7T0205-250.CH3125O,,Aluminum 90 Outside Corner Chrome,,,
T0206250BN3125O,7T0206-250.BN3125O,,Aluminum 90 Outside Corner Nickel,,,
T0207250LB3125O,7T0207-250.LB3125O,,Aluminum 90 Outside Corner Bronze,,,
T0208250MB3125O,7T0208-250.MB3125O,,Aluminum 90 Outside Corner Black ,,,
T0209250WH3125O,7T0209-250.WH3125O,,Aluminum 90 Outside Corner White,,,
T0226250CH0098N,7T0226-250.CH0098N,,Rondec Step CH,,,
T0227250BN0098N,7T0227-250.BN0098N,,Rondec Step BN,,,
T0228250LB0098N,7T0228-250.LB0098N,,Rondec Step LB,,,
SCHLUTER CORNER CONNECTORS,,,,,,
T0210250CH3125O,7T0210-250.CH3125O,,Aluminum 90 2 Leg Outside Corner Chrome,,,
T0211250BN3125O,7T0211-250.BN3125O,,Aluminum 90 2 Leg Outside Corner Nickel,,,
T0212250LB3125O,7T0212-250.LB3125O,,Aluminum 90 2 Leg Outside Corner Bronze,,,
T0213250MB3125O,7T0213-250.MB3125O,,Aluminum 90 2 Leg Outside Corner Black ,,,
T0214250CH3125I,7T0214-250.CH3125I,,Aluminum 90 Inside Corner Chrome,,,
T0215250BN3125I,7T0215-250.BN3125I,,Aluminum 90 Inside Corner Nickel,,,
T0216250LB3125I,7T0216-250.LB3125I,,Aluminum 90 Inside Corner Bronze,,,
T0217250MB3125I,7T0217-250.MB3125I,,Aluminum 90 Inside Corner Black ,,,
T0218250WH3125I,7T0218-250.WH3125I,,Aluminum 90 Inside Corner White,,,
T0219250CH3125I,7T0219-250.CH3125I,,Aluminum 90 2 Leg Inside Corner Chrome,,,
T0220250BN3125I,7T0220-250.BN3125I,,Aluminum 90 2 Leg Inside Corner Nickel,,,
T0221250LB3125I,7T0221-250.LB3125I,,Aluminum 90 2 Leg Inside Corner Bronze,,,
T0222250MB3125I,7T0222-250.MB3125I,,Aluminum 90 2 Leg Inside Corner Black ,,,
ACRYLIC CEILING PANELS & TAPE,,,,,,
7U0000220WH4762,7U0000-220.WH4762N,,Acrylic Ceiling Panel White,,,
7U0001220LN4762,7U0001-220.LN4762N,,Acrylic Ceiling Panel Linen,,,
7U0004220RS4762,7U0004-220.RS4762N,,Acrylic Ceiling Panel Roman Stone,,,
7U0005220SV4762,7U0005-220.SV4762N,,Acrylic Ceiling Panel Silver Vein,,,
7U0006220TS4762,7U0006-220.TS4762N,,Acrylic Ceiling Panel Tibur Stone,,,
7U0008220VM4762,7U0008-220.VM4762N,,Acrylic Ceiling Panel Vienna Mist,,,
7A1000268NA0240,7A1000-268.NA0240N,,Black Butyl Tape Rolls,,,
ACRYLIC WALLS & TRIM,,,,,,
ACRYLIC SMOOTH WALLS,,,,,,
W0038221WH6298N,7W0038-221.WH6298N,,"60"" x 96"" Flat Acrylic Wall White",,,
W0000221WH3898N,7W0000-221.WH3898N,,"36"" x 96"" Flat Acrylic Wall White",,,
W0051221LN6298C,7W0051-221.LN6298C,,"60"" x 96"" Flat Acrylic Wall Linen",,,
W0001221LN3898N,7W0001-221.LN3898N,,"36"" x 96"" Flat Acrylic Wall Linen",,,
W0012221RS6298C,7W0012-221.RS6298C,,"60"" x 96"" Flat Acrylic Wall Roman Stone",,,
W0004221RS3898N,7W0004-221.RS3898N,,"36"" x 96"" Flat Acrylic Wall Roman Stone",,,
W0013221SV6298C,7W0013-221.SV6298C,,"60"" x 96"" Flat Acrylic Wall Silver Vein",,,
W0005221SV3898N,7W0005-221.SV3898N,,"36"" x 96"" Flat Acrylic Wall Silver Vein",,,
W0014221TS6298C,7W0014-221.TS6298C,,"60"" x 96"" Flat Acrylic Wall Tibur Stone",,,
W0006221TS3898N,7W0006-221.TS3898N,,"36"" x 96"" Flat Acrylic Wall Tibur Stone",,,
W0016221VM6298C,7W0016-221.VM6298C,,"60"" x 96"" Flat Acrylic Wall Vienna Mist",,,
W0008221VM3898N,7W0008-221.VM3898N,,"36"" x 96"" Flat Acrylic Wall Vienna Mist",,,
ACRYTILE WALLS,,,,,,
W2001235WH6298C,7W2001-235.WH6298C,,"60"" x 96"" Acrytile Wall Subway White",,,
W2000235WH3898N,7W2000-235.WH3898N,,"36"" x 96"" Acrytile Wall Subway White",,,
W2003235TS6298C,7W2003-235.TS6298C,,"60"" x 96"" Acrytile Wall Subway Tibur Stone",,,
W2002235TS3898N,7W2002-235.TS3898N,,"36"" x 96"" Acrytile Wall Subway Tibur Stone",,,
W2012221TS6096N,7W2012-221.TS6096N,,"60"" x 96"" Acrytile Wall 12"" Tibur Stone",,,
W2013221TS3696N,7W2013-221.TS3696N,,"36"" x 96"" Acrytile Wall 12"" Tibur Stone",,,
ACRYLIC TRIM,,,,,,
7T0005220WH0398,7T0005-220.WH0398N,,Edge Trim 3X98 - Arctic White,,,
7T0006220LN0398,7T0006-220.LN0398N,,Edge Trim 3X98 - Sahara Creme,,,
7T0009220RS0398,7T0009-220.RS0398N,,Edge Trim 3x98 - Roman Stone,,,
7T0010220SV0398,7T0010-220.SV0398N,,Edge Trim 3X98 - Silver Vein,,,
7T0011220TS0398,7T0011-220.TS0398N,,Edge Trim 3x98 - Tibur Stone,,,
7T0013220VM0398,7T0013-220.VM0398N,,Edge Trim 3x98 - Vienna Mist,,,
7T2000221WH0398,7T2000-221.WH0398N,,Batten Strip 3X98 - Arctic White,,,
7T2003221RS0398,7T2003-221.RS0398N,,Batten Strip 3x98 - Roman Stone,,,
7T2004221LN0398,7T2004-221.LN0398N,,Batten Strip 3X98 - Sahara Creme,,,
7T2005221SV0398,7T2005-221.SV0398N,,Batten Strip 3x98 - Silver Vein,,,
7T2006221TS0398,7T2006-221.TS0398N,,Batten Strip 3x98 - Tibur Stone,,,
7T2008221VM0398,7T2008-221.VM0398N,,Batten Strip 3x98 - Vienna Mist,,,
T5000220WH0298O,7T5000-220.WH0298O,,Outside Corner Trim 98 - Arctic White,,,
T5003220RS0298O,7T5003-220.RS0298O,,Outside Corner Trim 98 - Roman Stone,,,
T5004220LN0298O,7T5004-220.LN0298O,,Outside Corner Trim 98 - Linen,,,
T5005220SV0298O,7T5005-220.SV0298O,,Outside Corner Trim 98 - Silver Vein,,,
T5006220TS0298O,7T5006-220.TS0298O,,Outside Corner Trim 98 - Tibur Stone,,,
T5008220VM0298O,7T5008-220.VM0298O,,Outside Corner Trim 98 - Vienna Mist,,,
ACRYLIC WINDOW KIT,,,,,,
7T3000320WH0255,7T3000-320.WH0255N,,Acrylic Window Trim Kit White,,,
7T3003-320.RS02,7T3003-320.RS0255N,,Acrylic Window Trim Kit Roman Stone,,,
7T3004320LN0255,7T3004-320.LN0255N,,Acrylic Window Trim Kit Linen,,,
7T3005-320.SV02,7T3005-320.SV0255N,,Acrylic Window Trim Kit Silver Vein,,,
7T3006-320.TS02,7T3006-320.TS0255N,,Acrylic Window Trim Kit Tibur Stone,,,
7T3008-320.VM02,7T3008-320.VM0255N,,Acrylic Window Trim Kit Vienna Mist,,,
SOLID SURFACE WALLS & TRIM,,,,,,
LEGACY SUBWAY WALLS,,,,,,
7W4100245GB6096,7W4100-245.GB6096N,,SS Back Wall 60x96 Grey Garden Subway,,,
7W4101245GB3696,7W4101-245.GB3696N,,SS Side Wall 36x96 Grey Garden Subway,,,
7W4102245GB4896,7W4102-245.GB4896N,,SS Side Wall 48x96 Grey Garden Subway,,,
7W4103245WV6096,7W4103-245.WV6096N,,SS Back Wall 60x96 White Reef Subway,,,
7W4104245WV3696,7W4104-245.WV3696N,,SS Side Wall 36x96 White Reef Subway,,,
7W4105245WV4896,7W4105-245.WV4896N,,SS Side Wall 48x96 White Reef Subway,,,
7W4106245BM6096,7W4106-245.BM6096N,,SS Back Wall 60x96 Bitusa Marble Subway,,,
7W4107245BM3696,7W4107-245.BM3696N,,SS Side Wall 36x96 Bitusa Marble Subway,,,
7W4108245BM4896,7W4108-245.BM4896N,,SS Side Wall 48x96 Bitusa Marble  Subway,,,
RESERVE WALLS,,,,,,
7W4200241BA6096,7W4200-241.BA6096N,,SS Back Wall 60x96 Camden,,,
7W4201241BA3696,7W4201-241.BA3696N,,SS Back Wall 36x96 Camden,,,
7W4202241BA4896,7W4202-241.BA4896N,,SS Back Wall 48x96 Camden,,,
7W4203241SR6096,7W4203-241.SR6096N,,SS Back Wall 60x96 Serenade,,,
7W4204241SR3696,7W4204-241.SR3696N,,SS Back Wall 36x96 Serenade,,,
7W4205241SR4896,7W4205-241.SR4896N,,SS Back Wall 48x96 Serenade,,,
7W4206241BO6096,7W4206-241.BO6096N,,SS Back Wall 60x96 Thunder Oak,,,
7W4207241BO3696,7W4207-241.BO3696N,,SS Back Wall 36x96 Thunder Oak,,,
7W4208241BO4896,7W4208-241.BO4896N,,SS Back Wall 48x96 Thunder Oak,,,
LEGACY SMOOTH WALLS,,,,,,
7W4215241GG6096,7W4215-241.GG6096V,,"60"" wall panel - Grey Garden Smooth",,,
7W4213241GG3696,7W4213-241.GG3696V,,"36"" wall panel - Grey Garden Smooth",,,
7W4214241GG4896,7W4214-241.GG4896V,,"48"" wall panel - Grey Garden Smooth",,,
7W4218241WR6096,7W4218-241.WR6096V,,"60"" wall panel - White Reef Smooth ",,,
7W4216241WR3696,7W4216-241.WR3696V,,"36"" wall panel - White Reef Smooth ",,,
7W4217241WR4896,7W4217-241.WR4896V,,"48"" wall panel - White Reef Smooth ",,,
7W4221241BM6096,7W4221-241.BM6096V,,"60"" wall panel - Bitusa Marble Smooth",,,
7W4219241BM3696,7W4219-241.BM3696V,,"36"" wall panel - Bitusa Marble Smooth",,,
7W4220241BM4896,7W4220-241.BM4896V,,"48"" wall panel - Bitusa Marble Smooth",,,
SOLID SURFACE WHITE WALL,,,,,,
7W4710-241.WH6096N,7W4710-241.WH6096N,White SS Smooth,Solid Surface WH Smooth 60X96,Neo Wall,21785,
7W4711-241.WH3696N,7W4711-241.WH3696N,"White SS Smooth 36""",Solid Surface WH Smooth 36X96,Shower Wall,21785,
7W4701245WH6096,7W4701-245.WH6096N,,"SOLID SURFACE SUBWAY WALL 60"" X 96""",,,
7W4702245WH3696,7W4702-245.WH3696N,,"SOLID SURFACE SUBWAY WALL 36"" X 96""",,,
,7T3211-240.WH4848N,,"48"" Window Trim Kit 1001 WH",,,
,7T7111-240.WH6036N,,Pencil Trim Kit 1001 White,,,
,7T5711-240.WH0298N,,Edge Trim 1001 White,,,
,7T5511-240.WH0296N,,Outside Corner Molding 1001 WH,,,
,7C6011-240.WH0808N,,SS Corner Shelf 1001 White,,,
,7T5611-240.WH0296N,,Over-tile trim 1001 WH,,,
,7T2211-240.WH0296N,,Batten Molding 1001 WH,,,
,,,,,,
SOLID SURFACE PENCIL TRIM,,,,,,
7T7000340GB6036,7T7000-340.GB6036N,,Pencil Trim Kit - Grey Garden,,,
7T7001340WR6036,7T7001-340.WR6036N,,Pencil Trim Kit - White Reef ,,,
7T7002340BM6036,7T7002-340.BM6036N,,Pencil Trim Kit - Bitusa Marble ,,,
7T7009340CE6036,7T7009-340.CE6036N,,Pencil Trim Kit- Cameo,,,
T7010340WH6036N,7T7010-340.WH6036N,,"Pencil Trim Kit 60"" White",,,
SOLID SURFACE TRIM,,,,,,
T5500240WH0296O,7T5500-240.WH0296O,,Outside Corner Molding WH,,,
T5502240CE0296O,7T5502-240.CE0296O,,Outside Corner Molding Cameo ,,,
T5503240GG0296O,7T5503-240.GG0296O,,Outside Corner Molding Grey Beach,,,
T5504240WR0296O,7T5504-240.WR0296O,,Outside Corner Molding White Venito,,,
T5505240BM0296O,7T5505-240.BM0296O,,Outside Corner Molding Biscotti Marble,,,
7T5700240WH0298,7T5700-240.WH0298O,,Edge Trim White,,,
7T5701240GG0298,7T5701-240.GG0298O,,Edge Trim Grey Garden,,,
7T5702240CE0298,7T5702-240.CE0298O,,Edge Trim Cameo,,,
7T5707240WR0298,7T5707-240.WR0298O,,Edge Trim White Reef,,,
7T5708240BM0298,7T5708-240.BM0298O,,Edge Trim Bitusa Marble,,,
7T2200240WH0296,7T2200-240.WH0296N,,Batten Molding White,,,
7T2201240BC0296,7T2201-240.BC0296N,,Batten Molding Biscuit,,,
7T2202240CE0296,7T2202-240.CE0296N,,Batten Molding Cameo,,,
7T2203240GG0296,7T2203-240.GG0296N,,Batten Molding Grey Garden,,,
7T2204240WR0296,7T2204-240.WR0296N,,Batten Molding White Reef,,,
7T2205240BM0296,7T2205-240.BM0296N,,Batten Molding Biscotti Marble,,,
T5600240WH0296O,7T5600-240.WH0296O,,Over-tile trim White,,,
T5602240CE0296O,7T5602-240.CE0296O,,Over-tile trim Cameo,,,
T5603240GG0296O,7T5603-240.GG0296O,,Over-tile trim Grey Beach,,,
T5604240WR0296O,7T5604-240.WR0296O,,Over-tile trim White Venito,,,
T5605240BM0296O,7T5605-240.BM0296O,,Over-tile trim Biscotti Marble,,,
SOLID SURFACE WINDOW KITS,,,,,,
7T3200240WH4848,7T3200-240.WH4848N,,"48"" Window Trim Kit White",,,
7T3201240CE4848,7T3201-240.CE4848N,,"48"" Window Trim Kit Cameo ",,,
7T3202240GG4848,7T3202-240.GG4848N,,"48"" Window Trim Kit Grey Beach ",,,
7T3203240WR4848,7T3203-240.WR4848N,,"48"" Window Trim Kit White Reef",,,
7T3204240BM4848,7T3204-240.BM4848N,,"48"" Window Trim Kit Bitusa Marble",,,
7T3210299NA9999,7T3210-299.NA9999N,,WINDOW KIT CUSTOM,,,
MOMENT WALL & TRIM,,,,,,
MOMENT WALLS,,,,,,
W5000251ES1526N,7W5000-251.ES1526N,,Empire Stone Rain Cloud carton 8 pcs,,,
W5001251CO1526N,7W5001-251.CO1526N,,Colosseum Grecian Earth carton 8 pcs,,,
W5002251PM1526N,7W5002-251.PM1526N,,Pisa Marble Carrara Marble carton 8 pcs,,,
W5003251MH1526N,7W5003-251.MH1526N,,Mining House Ashen Slate carton 8 pcs,,,
MOMENT WINDOW KITS,,,,,,
T3302301ES0854N,7T3302-301.ES0854N,, Window Kit Empire Stone,,,
T3303301CO0854N,7T3303-301.CO0854N,,Window Kit Colosseum,,,
T3304301PM0854N,7T3304-301.PM0854N,,Window Kit Pisa Marble,,,
T3305301MH0854N,7T3305-301.MH0854N,,Windo Kit Mining House,,,
T3300241WH0854N,7T3300-241.WH0854N,,Window Sill White,,,
T3301241LN0854N,7T3301-241.LN0854N,,Window Sill Linen,,,
"MOMENT TRIM- NOTE ONLY 90"" IN LENGTH",,,,,,
T5800250ES0294O,7T5800-250.ES0294O,,Empire Stone J Trim,,,
T5801250CO0294O,7T5801-250.CO0294O,,Colosseum J Trim,,,
T5802250PM0294O,7T5802-250.PM0294O,,Pisa Marble J Trim,,,
T5803250MH0294O,7T5803-250.MH0294O,,Mining House J Trim,,,
T5804250ES0294O,1021 Groves Pass SE ,,Empire Stone L Trim,,,
T5805250CO0294O,7T5805-250.CO0294O,,Colosseum L Trim,,,
T5806250PM0294O,7T5806-250.PM0294O,,Pisa Marble L Trim,,,
T5807250MH0294O,7T5807-250.MH0294O,,Mining House L Trim,,,
SILICONE/ADHESIVE/CORNER REINFORCEMENT,,,,,,
SILICONE ,,,,,,
7X0003270WH0012,7X0003-270.WH0012N,,TRANS WHITE- SILICONE,,,
7X0004270TG0012,7X0004-270.TG0012N,,Silicone GR Trans Gray,,,
7X1000260WH0012,7X1000-260.WH0012N,,Silicone White,,,
7X1002260RS0012,7X1002-260.RS0012N,,Silicone Roman Stone,,,
7X1004260TS0012,7X1004-260.TS0012N,,Silicone Linen,,,
7X1005270CL0010,7X1005-270.CL0010N,,Clear Silicone ,,,
7X1006OG0012,7X1006-OG0012N,,Silicone Mrbl  Opaque Grey,,,
ADHESIVE,,,,,,
7A0001260CL0020,7A0001-260.CL0020N,,Sausage Adhesive,,,
CORNER REINFORCEMENTS,,,,,,
7N0100-0296I,7N0100-0296I,,Corner Reinforcements,,,
TRIM KITS/ROUGH IN/HANDSHOWERS,,,,,,
TRIM KITS ,,,,,,
TU075508.002,TU075508.002,Colony Pro Shower Chrome,COLONY PRO- CHROME,Shower Fixture,0,141.0
TU075508.295,TU075508.295,Colony Pro Shower Brushed Nickel,COLONY PRO- BN,Shower Fixture,0,183.0
TU105508.002,TU105508.002,Studio Chrome,Studio Tub CH,Shower Fixture,0,438.0
TU105508.243,TU105508.243,Studio Matte Black Tub,Studio Tub MB,Shower Fixture,0,641.0
TU105508.295,TU105508.295,Studio Brushed Nickel Tub,Studio Tub BN,Shower Fixture,0,598.0
TU353508.002,TU353508.002,Townsend Polished Chrome Tub,Townsend Tub CH,Shower Fixture,0,388.0
TU353508.295,TU353508.295,Townsend Brushed Nickel Tub,Townsend Tub BN,Shower Fixture,0,531.0
TU353508.278,TU353508.278,Townsend Legacy Bronze Tub,Townsend Tub LB,Shower Fixture,0,534.0
TU353508.243,TU353508.278,Townsend Matte Black Tub,TOWNSEND TUB MB,Shower Fixture,0,564.0
TU018508.002,TU018508.002,,EDGEMERE TRIM KIT- CHROME,,,290.0
TU018508.295,TU018508.295,,EDGEMERE TRIM KIT-BN,,,394.0
TU018508.243,TU018508.243,,Edgemere Tub/ Shower - MB ,,,407.0
TU018508.278,TU018508.278,,EDGEMERE TUB/SHOWER- LB,,,394.0
,,,,,,
TU617508.002,TU617508.002,Glenmere Tub CH,GLENMERE TUB/SHOWER CHROME,Shower Fixture,0,230.0
TU617508.243,TU617508.243,Glenmere Tub MB,GLENMERE TUB/SHOWER MATTE BLACK,Shower Fixture,0,299.0
TU617508.278,TU617508.278,Glenmere Tub LB,GLENMERE TUB/SHOWER LEGACY BRONZE,Shower Fixture,0,275.0
TU617508.295,TU617508.295,Glenmere Tub BN,GLENMERE TUB/SHOWER BRUSHED NICKEL,Shower Fixture,0,275.0
ROUGH IN,,,,,,
RU101,RU101,,750SH VALVE ROUGH W UNIVERSAL,,,
RU101SS,RU101SS,,FLASH VALVE ROUGH W UNIVERSAL W SS,,,
RU107SS,RU107SS,,Flash Valve Rough - Pex Option,,,
RU108SS,RU108SS,,FLASH VALVE-COLD EXPANSIO,,,
HAND SHOWERS,,,,,,
9038254.002,9038254.002,Spectra Plus Duo CH Tub,Spectra Duo CH,Shower Fixture,268,199.0
9038254.243,9038254.243,Spectra Plus Duo Matte Black Tub,Spectra Duo MB,Shower Fixture,268,278.0
9038254.278,9038254.278,Spectra Plus Duo Legacy Bronze Tub,Spectra Duo LB,Shower Fixture,268,
9038254.295,9038254.295,Spectra Plus Duo BN Tub,Spectra Duo BN,Shower Fixture,268,269.0
1029070000,1029070000,Spectra Versa CH Tub,Spectra Versa CH,Shower Fixture,506,
1029072430,1029072430,Spectra Versa MB Tub,Spectra Versa MB,Shower Fixture,506,
1029072780,1029072780,Spectra Versa Legacy Bronze Tub,Spectra Versa LB,Shower Fixture,506,
1029072950,1029072950,Spectra Versa BN Tub,Spectra Versa BN,Shower Fixture,506,
REPAIR KITS,,,,,,
7Y4000250WH0015,7Y4000-250.WH0015N,,Enamel Repair Kit .011 White ,,,
7Y4001250LN0015,7Y4001-250.LN0015N,,Enamel Repair Kit .222 Linen,,,
0709000110A,070900-0110A,,ENAMEL STEEL TOUCH-UP PAINT     ,,,
,,,,,,
,,,,,,
,,,,,,
,,,Custom Barn Style Shower Door: Basco ,,,
ROLH-935-66X76XPPM,7G3100-299.CH6676N,,"Rolaire Custom 62"" - 66"" CH",,,
ROLH-935-66X72XPBS,7G3101-299.BN6676N,,"Rolaire Custom 62"" - 66"" BN",,,
ROLH-935-66X76XPWI,7G3102-299.MB6676N,,"Rolaire Custom 62"" - 66"" MB",,,
ROLH-935-72X76XPWI,7G3103-299.CH7276N,,"Rolaire Custom 68"" - 72"" CH",,,
ROLH-935-72X76XPBS,7G3104-299.BN7276N,,"Rolaire Custom 68"" - 72"" BN",,,
ROLH-935-72X76XPPM,7G3105-299.MB7276N,,"Rolaire Custom 68"" - 72"" MB",,,
RTLA-905-56X76XPSV,7G2600-290.CH5476N,,"54"" Rotolo 52"" - 56"" CH",,,
RTLA-905-56X76XPBN,7G2601-290.BN5476N,,"54"" Rotolo 52"" - 56"" BN",,,
RTLA-905-56X76XPWI,7G2602-290.MB5476N,,"54"" Rotolo 52"" - 56"" MB",,,
RTLA-905-56X76XPOR,7G2603-290.LB5476N,,"54"" Rotolo 52"" - 56"" LB",,,
,,,,,,
,,,,,,
,,,MTO=  Made  To Order ,,,
,,,Rolaire Barn Door= Single Bypass Panel with 1 stationary panel ,,,
,,,,,,
,,,,,,
35117000,29423000,,SB VALVE AND TRIM- IN CURRENT USE,,,
,,,,,,
,,,,,,
,,,,,,
,7T3300-241.WH0854N,,LEDGE CAP- WHITE ,,,
,,,,,,
ONYX,7M1002-249.NA9999N,,LEDGE CAP,,,
,,,,,,
ONYX,7T2300-241.WH0660N,,BRL BACKSHELF- ACT- 60 X 8 X 5/8,,,
,,,,,,
,,,,,,
SUB_ProductID,OLD_ProductID,,OLD_LongDescr,,,
TU353508.243,TU018508.243,Townsend Matte Black Tub,TOWNSEND TUB MB,Shower Fixture,0,564.0
TU353508.295,TU018508.295,Townsend Brushed Nickel Tub,Townsend Tub BN,Shower Fixture,0,531.0
TU018508.278,TU353508.278,,Townsend Tub LB,,,394.0
,,,,,,
USE HIGHLIGHTED DATED 12-5,,,,,,
,,,,,,
, ,,,,,
,,,,,,
,,,,,,
TRIMMABLE BASE,,,Trimslate Bases require an additional 6 tubes of adhesive,,,
SKU,Description,,Drain Cover Type,,,
7B5102-240.WH6032C,60x32 CENTER DRAIN TRIMMABLE WHITE,,Stainless Steel Trench Drain,,,
7B5100-240.WH6032L,60X32 END DRAIN TRIMMABLE WHITE,,SMC Drain Cover,,,
7B5121-240.WH6736C,67X36 CENTER DRAIN TRIMMABLE WHITE,,Stainless Steel Trench Drain,,,
7B5124-240.WH6736N,67X36 END DRAIN TRIMMABLE WHITE,,SMC Drain Cover,,,
7B5127-240.WH7236C,72X36 CENTER DRAIN TRIMMABLE WHITE,,Stainless Steel Trench Drain,,,
7B5130-240.WH7236N,72X36 END DRAIN TRIMMABLE WHITE,,SMC Drain Cover,,,
7B5133-240.WH7940C,79X40 CENTER DRAIN TRIMMABLE WHITE,,SMC Drain Cover,,,
7B5201-240.WH0460N,"60"" Threshold",,,,,
7B5204-240.WH0480N,"80"" Threshold",,,,,
7B5136-240.WH5140C,51X40 CENTER DRAIN TRIMMABLE WHITE,,7B5136-240.WH5140C,,,
7B5138-240.WH6040C,60X40 CENTER DRAIN TRIMMABLE WHITE,,7B5138-240.WH6040C,,,
7B5141-240.WH4836C,48X35-1/2 CNTR DRAIN TRIMMABLE WHITE,,7B5141-240.WH4836C,,,
7B5143-240.WH6048C,60X48 CENTER DRAIN TRIMMABLE WHITE,,7B5143-240.WH6048C,,,
7B5145-240.WH7248C,72X48 CENTER DRAIN TRIMMABLE WHITE,,7B5145-240.WH7248C,,,
,,,,,,
,P41-0205 HW VALVE,,,,,
,P41-0204 CW VALVE,,,,,
,P41-0201 DIV VALVE ASSY,,,,,
,P41-0328 TUB FILLER,,,,,
,P41-0322 HAND SHWR HOSE ASSY,,,,,
,P41-0320 HAND SHOWER,,,,,
,P41-0338 HAND SHWR DECK MOUNT ASSY,,,,,
,,,,,,
,,,,,,
,,,,,,
,,,,,,
,,,,,,
,,,,,,
,,,,,,
,,,,,,
,,,,,,
,,,,,,
,,,,,,
,,,,,,
,,,,,,
,,,,,,
,,,,,,
,"Trimslate 60"" x 31 1/2"" LH",,7B5100-240.WH6032L,,,
,"60"" THRESHOLD  WHITE",,7B5201-240.WH0460N,,,
,,,,,,
,,,,,,
,,,,,,
,Additional Trimslate Sizes at Trumbull:,,,,,
,51 x 40 Center Drain,,,,,
,60 x 40 Center Drain,,,,,
,,,,,,
,,,,,,
,,,,,,
,7018201.002,,"EDGEMERE 4"" CENTRSET CHROME",,,275.0
,7018201.295,,"EDGEMERE 4"" CENTRSET BN",,,373.0
,7018201.243,,"EDGEMERE 4"" CENTRSET MB",,,385.0
,,,,,,
,,,,,,
,,,,,,
,,,,,,
7353024.002,"Townsend 24"" Towel Bar",Townsend Towel Bar Chrome,CH,Bathroom Accessories,115,
7353024.295,"Townsend 24"" Towel Bar",Townsend Towel Bar BN,BN,Bathroom Accessories,115,124.0
7353024.243,"Townsend 24"" Towel Bar",Townsend Towel Bar MB,MB,Bathroom Accessories,115,130.0
7353190.002,Townsend Towel Ring,Townsend Towel Ring CH,CH,Bathroom Accessories,90,
7353190.295,Townsend Towel Ring,Townsend Towel Ring BN,BN,Bathroom Accessories,90,
7353190.243,Townsend Towel Ring,Townsend Towel Ring MB,MB,Bathroom Accessories,90,
7353210.002,Townsend Robe Hook,Townsend Robe Hook CH,CH,Bathroom Accessories,90,
7353210.295,Townsend Robe Hook,Townsend Robe Hook BN,BN,Bathroom Accessories,90,
7353210.243,Townsend Robe Hook,Townsend Robe Hook MB,MB,Bathroom Accessories,90,
7353230.002,Townsend Toilet Paper Holder,Townsend Toilet Paper Holder CH,CH,Bathroom Accessories,100,
7353230.295,Townsend Toilet Paper Holder,Townsend Toilet Paper Holder BN,BN,Bathroom Accessories,100,
7353230.243,Townsend Toilet Paper Holder,Townsend Toilet Paper Holder MB,MB,Bathroom Accessories,100,
7353801.002,Townsend Widespread Faucet,Townsend 8-inch Widespread CH,CH,Bathroom Accessories,445,455.0
7353801.295,Townsend Widespread Faucet,Townsend 8-inch Widespread BN,BN,Bathroom Accessories,445,633.0
7353801.243,Townsend Widespread Faucet,Townsend 8-inch Widespread MB,MB,Bathroom Accessories,445,660.0
7353101.002,Townsend Monoblock Faucet,Townsend Single hole Faucet CH,CH,Bathroom Accessories,445,333.0
7353101.295,Townsend Monoblock Faucet,Townsend Single Hole Faucet BN,BN,Bathroom Accessories,445,466.0
7353101.243,Townsend Monoblock Faucet,Townsend Single Hole Faucet MB,MB,Bathroom Accessories,445,483.0
,,,,,,
,,,MaxCost,,,
,,,,,,
,,,,,,
7617024.002,"Glenmere 24"" Towel Bar",Glenmere Towel Bar CH,CH,Bathroom Accessories,115,
7617024.295,"Glenmere 24"" Towel Bar",Glenmere Towel Bar BN,BN,Bathroom Accessories,115,
7617024.243,"Glenmere 24"" Towel Bar",Glenmere Towel Bar MB,MB,Bathroom Accessories,115,
7617190.002,Glenmere Towel Ring,Glenmere Towel Ring CH,CH,Bathroom Accessories,90,
7617190.295,Glenmere Towel Ring,Glenmere Towel Ring BN,BN,Bathroom Accessories,90,
7617190.243,Glenmere Towel Ring,Glenmere Towel Ring MB,MB,Bathroom Accessories,90,
7617210.002,Glenmere Robe Hook,Glenmere Robe Hook CH,CH,Bathroom Accessories,90,
7617210.295,Glenmere Robe Hook,Glenmere Robe Hook BN,BN,Bathroom Accessories,90,
7617210.243,Glenmere Robe Hook,Glenmere Robe Hook MB,MB,Bathroom Accessories,90,
7617230.002,Glenmere Toilet Paper Holder,Glenmere Toilet Paper Holder CH,CH,Bathroom Accessories,100,
7617230.295,Glenmere Toilet Paper Holder,Glenmere Toilet Paper Holder BN,BN,Bathroom Accessories,100,
7617230.243,Glenmere Toilet Paper Holder,Glenmere Toilet Paper Holder MB,MB,Bathroom Accessories,100,
7617807.002,Glenmere Wide Spread Faucet,Glenmere Widespread CH,CH,Bathroom Accessories,445,396.0
7617807.295,Glenmere Wide Spread Faucet,Glenmere Widespread BN,BN,Bathroom Accessories,445,477.0
7617807.243,Glenmere Wide Spread Faucet,Glenmere Widespread MB,MB,Bathroom Accessories,445,516.0
7617107.002,Glenmere Monoblock Faucet,Glenmere Single Hole CH,CH,Bathroom Accessories,445,276.0
7617107.295,Glenmere Monoblock Faucet,Glenmere Single Hole BN,BN,Bathroom Accessories,445,332.0
7617107.243,Glenmere Monoblock Faucet,Glenmere Single Hole MB,MB,Bathroom Accessories,445,359.0
,,,,,,
,,,,,,
,,,,,,
,,,,,,
,,,Max Cost,,,
,,,,,,
,,,,,,
7105024.002,"Studio 24"" Towel Bar",Studio Towel Bar Chrome,CH,Bathroom Accessories,115,
7105024.295,"Studio 24"" Towel Bar",Studio Towel Bar Brushed Nickel,BN,Bathroom Accessories,115,106.0
7105024.243,"Studio 24"" Towel Bar",Studio Towel Bar Matte Black,MB,Bathroom Accessories,115,121.0
7105190.002,Studio Towel Ring,Studio Towel Ring Chrome,CH,Bathroom Accessories,90,
7105190.295,Studio Towel Ring,Studio Towel Ring Brushed Nickel,BN,Bathroom Accessories,90,
7105190.243,Studio Towel Ring,Studio Towel Ring MB,MB,Bathroom Accessories,90,
7105210.002,Studio Robe Hook,Studio Robe Hook Chrome,CH,Bathroom Accessories,90,
7105210.295,Studio Robe Hook,Studio Robe Hook Brushed Nickel,BN,Bathroom Accessories,90,
7105210.243,Studio Robe Hook,Studio Robe Hook MB,MB,Bathroom Accessories,90,
7105230.002,Studio Toilet Paper Holder,Studio Toilet Paper Holder Chrome,CH,Bathroom Accessories,100,
7105230.295,Studio Toilet Paper Holder,Studio Toilet Paper Holder BN,BN,Bathroom Accessories,100,
7105230.243,Studio Toilet Paper Holder,Studio Toilet Paper Holder MB,MB,Bathroom Accessories,100,
7105801.002,Studio Widespread Faucet,Studio S 8-Inch Widspread Faucet CH,CH,Bathroom Accessories,445,564.0
7105801.295,Studio Widespread Faucet,Studio S 8-Inch Widespread Faucet BN,BN,Bathroom Accessories,445,716.0
7105801.243,Studio Widespread Faucet,Studio S 8-inch Widespread MB,MB,Bathroom Accessories,445,766.0
7105121.002,Studio Monoblock Faucet,Studio Monoblock Faucet Chrome,CH,Bathroom Accessories,445,355.0
7105121.295,Studio Monoblock Faucet,Studio Monoblock Faucet BN,BN,Bathroom Accessories,445,422.0
7105121.243,Studio Monoblock Faucet,Studio Monoblock Faucet MB,MB,Bathroom Accessories,445,531.0
,,,,,,
,Safety Package ,,Part # ,,,
,,,,,,
FG ,7R4004-250.CH0036,,7R4004-250.CH0036,,,
FG ,7R4005-250.CH0048,,7R4005-250.CH0048,,,
,,,,,,
,,,,,,
FG ,7R4007-250.BN0036,,7R4007-250.BN0036,,,
FG ,7R4008-250.BN0048,,7R4008-250.BN0048,,,
,,,,,,
,,,,,,
FG ,7R4010-250.MB0036,,7R4010-250.MB0036,,,
FG ,7R4011-250.MB0048,,7R4011-250.MB0048,,,
,,,,,,
,,,,,,
FG ,7S1300-250.WH1611,,7S1300-250.WH1611,,,
FG ,7S1301-250.BL1611,,7S1301-250.BL1611,,,
,,,,,,
,,,,,,
FG ,1660774.002,,1660774.002,,,284.0
FG ,1660774.243,,1660774.243,,,412.0
FG ,1660774.295,,1660774.295,,,384.0
,,,,,,
,,,,,,
FG ,RU531,,RU531,,,
,,,,,,
,,,,,,
,,,,,,
FG ,TU353740.002,,TU353740.002,,,297.0
FG ,1660509.002,,1660509.002,,,116.0
FG ,1660245.002,,1660245.002,,,
,,,,,,
FG ,TU353740.295,,TU353740.295,,,414.0
FG ,1660509.295,,1660509.295,,,165.0
FG ,1660245.295,,1660245.295,,,
,,,,,,
FG ,TU353740.243,,TU353740.243,,,429.0
FG ,1660509.243,,1660509.243,,,142.0
FG ,1660245.243,,1660245.243,,,
,,,,,,
,,,,,,
,,,,,,
FG ,TU105740.002,,TU105740.002,,,297.0
FG ,9038074.002,,9038074.002,,,113.0
FG ,1660240.002,,1660240.002,,,
,,,,,,
FG ,TU105740.243,,TU105740.243,,,446.0
FG ,9038074.243,,9038074.243,,,159.0
FG ,1660240.243,,1660240.243,,,
,,,,,,
FG ,TU105740.295,,TU105740.295,,,414.0
FG ,9038074.295,,9038074.295,,,141.0
FG ,1660240.295,,1660240.295,,,
,,,,,,
,,,,,,
,,,INSERT NEW PART NUMBERS BELOW ,,,
,,,,,,
,,,,,,
,,,,,,
,,,,,,
,,,,,,
,,,,,,
,,,,,,
,,,,,,
,,,,,,
,,,,,,
,,,,,,
,,,,,,
7B5201-240.WH0460N,"60"" Threshold",,,,,
7B5141-240.WH4836C,48X35-1/2 CNTR DRAIN TRIMMABLE WHITE,,7B5141-240.WH4836C,,,
