,SAP_ProductID,LongDescr,Manufacturer,,,,,,,
WIT,,,Manufacturer,,,,,,,
7K5000-390,7K5000-390.WH1129N,7K5000-390.WH1129N,,,,,,,,
7K5002-390,7K5002-390.WH1730N,7K5002-390.WH1730N,,,,,,,,
SR BATHING,DTC_CUSTOM,SR Bathing for CC Entry,,,,,,,,
STMX,STMX,Temperature Control Valve,,,,,,,,
2848D09CLL,2848.D09.CLL,2848.D09.ComboLeftLinen,ASHS,,,,,,,
2848D09CLW,2848.D09.CLW,2848.D09.ComboLeftWhite,ASHS,,,,,,,
2848D09CRL,2848.D09.CRL,2848.D09.ComboRightLinen,ASHS,,,,,,,
2848D09CRW,2848.D09.CRW,2848.D09.ComboRightWhite,ASHS,,,, ,,,
2848D1ACLL,2848.D1A.CLL,2848.D1A.Combo Left Linen,ASHS,,,,,,,
2848D1ACLW, 2848.D1A.CLW,2848.D1A.Combo Left White,ASHS,,,,,,,
2848D1ACRL,DTC_CUSTOM,2848.D1A.Combo Right Lin,ASHS,,,,,,,
2848D1ACRW,2848D1ACRW,2848.D1A.Combo Right Wht,ASHS,,,,,,,
2848D1BSLL,2848.D1B.SLL,2848.D1B.Soaker Left LN,ASHS,,,,,,,
2848D1BSLW,2848.D1B.SLW,2848.D1B.Soaker Left Whit,ASHS,,,,,,,
2848D1BSRL,2848.D1B.SRL,2848.D1B.Soaker Right LN,ASHS,,,,,,,
2848D1BSRW,2848.D1B.SRW,2848.D1B.Soaker Right Wht,ASHS,,,,,,,
3051D1ACLL,3051.D1A.CLL,3051.D1A.Combo Left Linen,ASHS,,,,,,,
3051D1ACLW,3051.D1A.CLW,3051.D1A.Combo Left White,ASHS,,,,,,,
3051D1ACRL,3051.D1A.CRL,3051.D1A.Combo Right Lin,ASHS,,,,,,,
3051D1ACRW,3051.D1A.CRW,3051.D1A.Combo Right Wht,ASHS,,,,,,,
3051D1BSLL,3051.D1B.SLL,3051.D1B.Soaker Left Lin,ASHS,,,,,,,
3051D1BSLW,3051.D1B.SLW,3051.D1B.Soaker Left Wht,ASHS,,,,,,,
3051D1BSRL,3051.D1B.SRL,3051.D1B.Soaker Right Lin,ASHS,,,,,,,
3051D1BSRW,3051.D1B.SRW,3051.D1B.Soaker Right Wht,ASHS,,,,,,,
3052D09CLL,3052.D09.CLL,3052.D09.ComboLeftLinen,ASHS,,,,,,,
3052D09CLW,3052.D09.CLW,3052.D09.ComboLeftWhite,ASHS,,,,,,,
3052D09CRL,3052.D09.CRL,3052.D09.ComboRightLinen,ASHS,,,,,,,
3052D09CRW,3052.D09.CRW,3052.D09.ComboRightWhite,ASHS,,,,,,,
3052OD9CLL,3052OD.D09.CLL-PC,3052OD.D09.ComboLftLN-PC,ASHS,,,,,,,
3052OD9CLW,3052OD.D09.CLW-PC,3052OD.D09.ComboLftWH-PC,ASHS,,,,,,,
3052OD9CRL,3052OD.D09.CRL-PC,3052OD.D09.ComboRghtLN-PC,ASHS,,,,,,,
3052OD9CRW,3052OD.D09.CRW-PC,3052OD.D09.ComboRhtWH-PC,ASHS,,,,,,,
3052ODD09SLW,3052OD.D09.SLW-PC,GEL OOD 3052 LH SOAKER,ASHS,,,,,,,
3052ODD09SRW,3052OD.D09.SRW-PC,GEL OOD 3052 RH SOAKER,ASHS,,,,,,,
3052ODCLL,3052OD.D0A.CLL,3052OD.D0A.Combo Left LN,ASHS,,,,,,,
3052ODCLW,3052OD.D0A.CLW,3052OD.D0A.Combo Left White,ASHS,,,,,,,
3052ODCRL,3052OD.D0A.CRL,3052OD.D0A.Combo Right LN,ASHS,,,,,,,
3052ODCRW,3052OD.D0A.CRW,3052OD.D0A.Combo Right WH,ASHS,,,,,,,
3252OD9CLL,3252OD.D09.CLL-PC,252OD.D09.ComboLftLN-PC,ASHS,,,,,,,
3252OD9CLW,3252OD.D09.CLW-PC,30252OD.D09.ComboLftWH-PC,ASHS,,,,,,,
3252OD9CRL,3252OD.D09.CRL-PC,3252OD.D09.ComboRtLN-PC,ASHS,,,,,,,
3252OD9CRW,3252OD.D09.CRW-PC,3252OD.D09.ComboRtWH-PC,ASHS,,,,,,,
3252ODD09SLW,3252OD.D09.SLW-PC,GEL OOD 3252 LH SOAKER,ASHS,,,,,,,
3252ODD09SRW,3252OD.D09.SRW-PC,GEL OOD 3252 RH SOAKER,ASHS,,,,,,,
3252ODCLL,3252OD.D0A.CLL,3252OD.D0A.Combo Left LN,ASHS,,,,,,,
3252ODCLW,3252OD.D0A.CLW,3252OD.D0A.Combo Left WH,ASHS,,,,,,,
3252ODCRL,3252OD.D0A.CRL,3252.D0A.Combo Right LN,ASHS,,,,,,,
3252ODCRW,3252OD.D0A.CRW,3252OD.D0A.Combo Right WH,ASHS,,,,,,,
3260D1ACLL,3260.D1A.CLL,3260.D1A.Combo Left Lin,ASHS,,,,,,,
3260D1ACLW,3260.D1A.CLW,3260.D1A.Combo Left Wht,ASHS,,,,,,,
3260D1ACRL,3260.D1A.CRL,3260.D1A.Combo Right Lin,ASHS,,,,,,,
3260D1ACRW,3260.D1A.CRW,3260.D1A.Combo Right Wht,ASHS,,,,,,,
3260DIBSLW,3260.D1B.SLW,3260.D1B.Soaker Left  Wht,ASHS,,,,,,,
3260D1BSRW,3260.D1B.SRW,3260.D1B.Soaker Right Wht,ASHS,,,,,,,
TOILETS & BIDET,,,,,,,,,,
3478128ST.020,3478128ST.020,Cadet TTG White,American Standard - ASHS Exclusive,,,,,,,
3478128ST.222,3478128ST.222,Cadet TTG Linen,American Standard - ASHS Exclusive,,,,,,,
8012A80GRC,8012A80GRC-020,Bidet with Side Panel,American Standard - ASHS Exclusive,,,,,,,
WIT EXT KITS & PANELS,,,,,,,,,,
9EXT.L,9EXT.L,Tub Extender Linen,ASHS,,,,,,,
9EXT.W,9EXT.W,Tub Extender-White,ASHS,,,,,,,
9EXT-48GL,9EXT-48GL	,Extention Kit GLinen 2848,ASHS,,,,,,,
9EXT-48GW,9EXT-48GW,Extention Kit GWhite-2848,ASHS,,,,,,,
9EXT-52GL,9EXT-52GL,Extention Kit GLinen 3052,ASHS,,,,,,,
9EXT-52GW,9EXT-52GW,Extention Kit GWH -3052,ASHS,,,,,,,
9EXTOD30GL,9EXT-OD3052GL,OD3052 EXT KIT GL,ASHS,,,,,,,
9EXTOD30GW,9EXT-OD3052GW,OD3052 EXT KIT GW,ASHS,,,,,,,
9EXTOD32GL,9EXT-OD3252GL,OD3252 EXT KIT GL,ASHS,,,,,,,
9EXTOD32GW,9EXT-OD3252GW,OD3252 EXT KIT GW,ASHS,,,,,,,
WIT ACCESORRIES,,,,,,,,,,
9GB-24,9GB-24,"24"" Safety Bar Chrome",,,,,,,,
9HSB,9HSB,Hand Shower Grab Bar,,,,,,,,
9NRGRIP,9NRGRIP,Neck Rest,,,,,,,,
9TC-48W,9TC-48W,L Shaped Curt Rod Kit WH,,,,,,,,
WIT WALLS ,,,,,,,,,,
7T3000-320,7T3000-320.WH0255N,Window Kit 55 Col ART WH,,,,,,,,
7W0100-WH4567,7W0100-WH4567,CO.EX.125X45X67-WH (1),ASHS,,,,,,,
7W0101-LN4567,7W0101-LN4567,CO.EX.125X45X67-BC (1),ASHS,,,,,,,
7W0106-GM6048,7W0106-GM6048,WIT FLAT SURROUND SET-GRAY MARBLE,ASHS,,,,,,,
7W2014-TS6048,7W2014-TS6048,"WIT 12"" TILE SURROUND SET-TIBERSTONE",ASHS,,,,,,,
SENIOR SHOWERS,,,,,,,,,,
BATH REMODEL,,,,,,,,,,
BATHTUBS,,,,,,,,,,
2390202.011,2390202.020,Princeton Americast 6030 LH WH,ABG,,,,,,,
2391202.011,2391202.020,Princeton Americast 6030 RH WH,ABG,,,,,,,
2460002.011,2460002.020,Cambridge Americast LH WH 6032,ABG,,,,,,,
2461002.011,2461002.020,Cambridge Americast RH WH 6032,ABG,,,,,,,
a,,,,,,,,,,
7D4000550WH0015,7D4000-550.WH0015N,Waste & Overflow Kit WH,ASHS - Watco,,,,,,,
7D4001550LN0015,7D4001-550.LN0015N,Waste & Overflow Kit LN,ASHS - Watco,,,,,,,
7D4002550CH0015,7D4002-550.CH0015N,Waste & Overflow Kit CH,ASHS - Watco,,,,,,,
7D4003550BN0015,7D4003-550.BN0015N,Waste & Overflow Kit BN,ASHS - Watco,,,,,,,
7D4004550LB0015,7D4004-550.LB0015N,Waste & Overflow Kit LB,ASHS - Watco,,,,,,,
7D4005550MB0015,7D4005-550.MB0015N,Waste & Overflow Kit MB,ASHS - Watco,,,,,,,
7D4007550NA0009,7D4007-550.NA0009N,Extension Tube for Waste,ASHS - Watco,,,,,,,
SHOWER BASES & NO CAULK DRAINS,,,,,,,,,,
CUSTOM SHOWER PANS,,,,,,,,,,
,,,,,,,,,,
NO CAULK DRAINS,,,,,,,,,,
7D1002550CH0002,7D1002-550.CH0002N ,BRASS NO CAULK DRAIN,ASHS - Oatey (Big Box),,,,,,,
7D1004510NA0004,7D1004-510.NA0004N,PVC DRAIN,ASHS - Oatey (Big Box),,,,,,,
SHOE MOLDING,,,,,,,,,,
7T8000240WH0160,7T8000-240.WH0160N,Shoe Molding White,Trumbull,,,,,,,
7T8002240CE0160,7T8002-240.CE0160N,Shoe Molding Cameo,Trumbull,,,,,,,
7T8003240GL0160,7T8003-240.GL0160N,Shoe Molding Grey,Trumbull,,,,,,,
WHITE SHOWER PANS,,,,,,,,,,
B4063240WH3636C,7B4063-240.WH3636C,Ultra Low Base Center Drain 3636 White,Trumbull,,,,,,,
B4052240WH4832C,7B4052-240.WH4832C,48 x 32 Shower Base - Center Drain White,Trumbull,,,,,,,
B4060240WH4834C,7B4060-240.WH4834C,48 x 34 Ultra Low Base Center Drain - White,Trumbull,,,,,,,
B4056240WH4836C,7B4056-240.WH4836C,48 x 36 Shower Base - Center Drain - White,Trumbull,,,,,,,
B5000240WH6030L,7B5000-240.WH6030L,60 x 30 x 2.6 Ultra Low Bases - White,Trumbull,,,,,,,
B5003240WH6030R,7B5003-240.WH6030R,60 x 30 x 2.6 Ultra Low Bases - White,Trumbull,,,,,,,
B5006240WH6032L,7B5006-240.WH6032L,60 x 32 x 2.6 Ultra Low Bases - White,Trumbull,,,,,,,
B5009240WH6032R,7B5009-240.WH6032R,60 x 32 x 2.6 Ultra Low Bases - White,Trumbull,,,,,,,
7B4066240WH6032,7B4066-240.WH6032C,60x32 CTR DRAIN WHITE SHOWER,Trumbull,,,,,,,
B4048240WH6036C,7B4048-240.WH6036C,60 x 36 Shower Base - center drain - White,Trumbull,,,,,,,
LINEN SHOWER PANS,,,,,,,,,,
7B4070240LN3636,7B4070-240.LN3636C,Ultra Low 3636 Center Cameo,Trumbull,,,,,,,
7B4054240CE4832,7B4054-240.CE4832C,48 x 32 Shower Base - Center Drain- Cameo,Trumbull,,,,,,,
B4054240CE4832C,7B4054-240.CE4832C,48 x 32 Shower Base - Center Drain Cameo,Trumbull,,,,,,,
7B4058240CE4836,7B4058-240.CE4836C,48 x 36 Shower Base - Center Drain -Cameo,Trumbull,,,,,,,
B4058240CE4836C,7B4058-240.CE4836C,48 x 36 Shower Base - Center Drain  - Cameo,Trumbull,,,,,,,
7B4071240LN4834,7B4071-240.LN4834C,Ultra Low 4834 Center Cameo,Trumbull,,,,,,,
7B4072240LN6030,7B4072-240.LN6030R,Ultra Low 6030 RH Cameo,Trumbull,,,,,,,
7B4073240LN6030,7B4073-240.LN6030L,Ultra Low 6030 LH Cameo,Trumbull,,,,,,,
7B4074240LN6032,7B4074-240.LN6032R,Ultra Low 60X32 RH CAMEO BASE,Trumbull,,,,,,,
7B4075240LN6032,7B4075-240.LN6032L,Ultra Low 60X32 LH CAMEO BASE,Trumbull,,,,,,,
B4068240CE6032C,7B4068-240.CE6032C,60 X 32 SHOWER BASE - CENTER LINEN,Trumbull,,,,,,,
7B4076240LN6036,7B4076-240.LN6036C,Ultra Low 60X36 Center Drain  CAMEO BASE,Trumbull,,,,,,,
GREY SHOWER PANS,,,,,,,,,,
B4065240GR3636C,7B4065-240.GR3636C,36 x 36 CTR Gray Base,Trumbull,,,,,,,
7B4055240GR4832,7B4055-240.GR4832C,48 x 32 Shower Base - Center Drain,Trumbull,,,,,,,
B4062240GR4834C,7B4062-240.GR4834C,48 x 34 Center Grey Base,Trumbull,,,,,,,
7B4059240GR4836,7B4059-240.GR4836C,48 x 36 Shower Base - Center Drain- Grey,Trumbull,,,,,,,
B5002240GR6030L,7B5002-240.GR6030L,60 x 30 x 2.6 Ultra Low B,Trumbull,,,,,,,
B5005240GR6030R,7B5005-240.GR6030R,60 x 30 x 2.6 Ultra Low B,Trumbull,,,,,,,
B5008240GR6032L,7B5008-240.GR6032L,60 x 32 x 2.6 Ultra Low B,Trumbull,,,,,,,
B5011240GR6032R,7B5011-240.GR6032R,"60"" x 32"" x 2.6 Ultra Low",Trumbull,,,,,,,
7B4069240GR6032,7B4069-240.GR6032C,60X32 GREY CTR DRAIN,Trumbull,,,,,,,
B4051240GR6036C,7B4051-240.GR6036C,60 X 36 SHOWER BASE - CEN,Trumbull,,,,,,,
NEO-ANGLE SHOWER PANS,,,,,,,,,,
B6000240LN3636C,7B6000-240.LN3636C,"Neo 36"" Biscuit Base",ABG,,,,,,,
B6001221LN3838C,7B6001-221.LN3838C,"Neo 38"" Biscuit Base",ABG,,,,,,,
B6003221LN4242C,7B6003-221.LN4242C,"Neo 42"" Biscuit Base",ABG,,,,,,,
B6004221WH3636C,7B6004-221.WH3636C,"Neo 36"" White Base",ABG,,,,,,,
B6005221WH3838C,7B6005-221.WH3838C,"Neo 38"" White Base",ABG,,,,,,,
B6007221WH4242C,7B6007-221.WH4242C,"Neo 42"" White Base",ABG,,,,,,,
CADDIES/SHELVES/PODS,,,,,,,,,,
ACRYLIC CORNER SHELVES,,,,,,,,,,
7C0000220WH0110,7C0000-220.WH0110N,Acrylic Corner Shelves White,ASHS,,,,,,,
7C0001220LN0110,7C0001-220.LN0110N,Acrylic Corner Shelves Linen,ASHS,,,,,,,
7C0004220RS0110,7C0004-220.RS0110N,Acrylic Corner Shelves Roman Stone,ASHS,,,,,,,
7C0005220SV0110,7C0005-220.SV0110N,Acrylic Corner Shelves Silver Vein,ASHS,,,,,,,
7C0006220TS0110,7C0006-220.TS0110N,Acrylic Corner Shelves Tibur Stone,ASHS,,,,,,,
7C0008220VM0110,7C0008-220.VM0110N,Acrylic Corner Shelves Vienna Mist,ASHS,,,,,,,
ACRYLIC SOAPDISHES,,,,,,,,,,
STORAGE PODS,,,,,,,,,,
7C5003250SS1414,7C5003-250.SS1414N,Storage Pod SS 14x14,ASHS,,,,,,,
7C5037250MB1414,7C5037-250.MB1414N,Storage Pod MB 14x14,ASHS,,,,,,,
SOLID SURFACE CORNER SHELVES,,,,,,,,,,
7C6000240WH0710,7C6000-240.WH0710N,SS Corner Shelf White ,Trumbull,,,,,,,
7C6001240CE0710,7C6001-240.CE0710N,SS Corner Shelf Cameo,Trumbull,,,,,,,
7C6003240GG0710,7C6003-240.GG0710N,Grey Garden - CORNER SHELVES,Trumbull,,,,,,,
7C6004240WR0710,7C6004-240.WR0710N,White Reef- CORNER SHELVES,Trumbull,,,,,,,
7C6005240BM0710,7C6005-240.BM0710N ,Bitusa Marble - CORNER SHELVES,Trumbull,,,,,,,
METALLIC CORNER BASKETS,,,,,,,,,,
7C0100250CH1012,7C0100-250.CH1012N,Metal Shelf CH,ASHS - AE,,,,,,,
7C0101250BN1012,7C0101-250.BN1012N,Metal Shelf BN,ASHS - AE,,,,,,,
7C0102250LB1012,7C0102-250.LB1012N,Metal Shelf LB,ASHS - AE,,,,,,,
7C0103250MB1012,7C0103-250.MB1012N,Metal Shelf MB,ASHS - AE,,,,,,,
TEAK CORNER SHELVES AND SHAMPOO SHELVES,,,,,,,,,,
C0101250BN1408N,7C0101-250.BN1408N,Corner Shelf Teak BN,ASHS - Seachrome,,,,,,,
C0100250CH1408N,7C0100-250.CH1408N,Corner Shelf Teak CH,ASHS - Seachrome,,,,,,,
C0102250MB1408N,7C0102-250.MB1408N,Corner Shelf Teak MB,ASHS - Seachrome,,,,,,,
C4100250CH1804N,7C4100-250.CH1804N,Shampoo Shelf Teak CH,ASHS - Seachrome,,,,,,,
C4101250BN1804N,7C4101-250.BN1804N,Shampoo Shelf Teak BN,ASHS - Seachrome,,,,,,,
C4102250MB1804N,7C4102-250.MB1804N,Shampoo Shelf Teak MB,ASHS - Seachrome,,,,,,,
CURTAIN RODS,,,,,,,,,,
CURVED RODS AND BRACKETS,,,,,,,,,,
7E1000250CH0060,7E1000-250.CH0060N,"Curved Shower Rod 60"" Chrome",ASHS - Seachrome,,,,,,,
7E1001250BN0060,7E1001-250.BN0060N,"Curved Shower Rod 60"" BN",ASHS - Seachrome,,,,,,,
7E1002250MB0060,7E1002-250.MB0060N,"Curved Shower Rod 60"" MB",ASHS - Seachrome,,,,,,,
7E1003250CH0066,7E1003-250.CH0066N,Curved Shower Rod 6' Chrome,ASHS - Seachrome,,,,,,,
7E1004250BN0066,7E1004-250.BN0066N,Curved Shower Rod 6' BN,ASHS - Seachrome,,,,,,,
7E1005250MB0066,7E1005-250.MB0066N,Curved Shower Rod 6' MB,ASHS - Seachrome,,,,,,,
7E1006250CH0036,7E1006-250.CH0036N,"Curved Shower Rod 36"" CH",ASHS - Seachrome,,,,,,,
7E1007250BN0036,7E1007-250.BN0036N,"Curved Shower Rod 36"" BN",ASHS - Seachrome,,,,,,,
7E1008250MB0036,7E1008-250.MB0036N,"Curved Shower Rod 36"" MB",ASHS - Seachrome,,,,,,,
7E1009250CH0048,7E1009-250.CH0048N,"Curved Shower Rod 48"" CH",ASHS - Seachrome,,,,,,,
7E1010250BN0048,7E1010-250.BN0048N,"Curved Shower Rod 48"" BN",ASHS - Seachrome,,,,,,,
7E1011250MB0048,7E1011-250.MB0048N,"Curved Shower Rod 48"" MB",ASHS - Seachrome,,,,,,,
7E0100250CH0125,7E0100-250.CH0125N,CURVED SHOWER ROD PIVOT FLANGES CH,ASHS - Seachrome,,,,,,,
7E0101250BN0125,7E0101-250.BN0125N,CURVED SHOWER ROD PIVOT FLANGES BN,ASHS - Seachrome,,,,,,,
7E0102250MB0125,7E0102-250.MB0125N,CURVED SHOWER ROD PIVOT FLANGES MB,ASHS - Seachrome,,,,,,,
STRAIGHT RODS AND BRACKETS,,,,,,,,,,
7E2100250CH0036,7E2100-250.CH0036N,"1” O.D. 36"" Straight Shower Rod CH",ASHS - Seachrome,,,,,,,
7E2101250BN0036,7E2101-250.BN0036N,"1” O.D. 36"" Straight Shower Rod BN",ASHS - Seachrome,,,,,,,
7E2102250MB0036,7E2102-250.MB0036N,"1” O.D. 36"" Straight Shower Rod MB",ASHS - Seachrome,,,,,,,
7E2103250CH0048,7E2103-250.CH0048N,"1” O.D. 48"" Straight Shower Rod CH",ASHS - Seachrome,,,,,,,
7E2104250BN0048,7E2104-250.BN0048N,"1” O.D. 48"" Straight Shower Rod BN",ASHS - Seachrome,,,,,,,
7E2105250MB0048,7E2105-250.MB0048N,"1” O.D. 48"" Straight Shower Rod MB",ASHS - Seachrome,,,,,,,
7E2106250CH0060,7E2106-250.CH0060N,"1” O.D. 60"" Straight Shower Rod CH",ASHS - Seachrome,,,,,,,
7E2107250BN0060,7E2107-250.BN0060N,"1” O.D. 60"" Straight Shower Rod BN",ASHS - Seachrome,,,,,,,
7E2108250MB0060,7E2108-250.MB0060N,"1” O.D. 60"" Straight Shower Rod MB",ASHS - Seachrome,,,,,,,
7E2109250CH0072,7E2109-250.CH0072N,"1” O.D. 72"" Straight Shower Rod CH",ASHS - Seachrome,,,,,,,
7E2110250BN0072,7E2110-250.BN0072N,"1” O.D. 72"" Straight Shower Rod BN",ASHS - Seachrome,,,,,,,
7E2111250MB0072,7E2111-250.MB0072N,"1” O.D. 72"" Straight Shower Rod MB",ASHS - Seachrome,,,,,,,
7E0210250CH0001,7E0210-250.CH0001N,"1"" Straight Rod Flange CH",ASHS - Seachrome,,,,,,,
7E0211250BN0001,7E0211-250.BN0001N,"1"" Straight Rod Flange BN",ASHS - Seachrome,,,,,,,
7E0212250MB0001,7E0212-250.MB0001N,"1"" Straight Rod Flange MB",ASHS - Seachrome,,,,,,,
DOORS,,,,,,,,,,
TUB BY-PASS,,,,,,,,,,
7G0300350CH6058,7G0300-350.CH6058N,56-60 in. W x 58 in. H Tub Door CH,ASHS - Basco,,,,,,,
7G0302350LB6058,7G0302-350.LB6058N,56-60 in. W x 58 in. H Tub Door ORB,ASHS - Basco,,,,,,,
G0110250CH6065N,7G0110-250.CH6065N,"Celesta Tub Dr 60""x65""CH",ASHS - Basco,,,,,,,
G0111250BN6065N,7G0111-250.BN6065N,"Celesta Tub Dr 60""x65""BN",ASHS - Basco,,,,,,,
G0112250MB6065N,7G0112-250.MB6065N,"Celesta Tub Dr 60""x65""MB",ASHS - Basco,,,,,,,
G0113250LB6065N,7G0113-250.LB6065N,Celesta Tub Door 60x65ORB,ASHS - Basco,,,,,,,
G0114250CH6065N,7G0114-250.CH6065N,"Celesta Tub Dr 60""x65""CH-SILK",ASHS - Basco,,,,,,,
G0115250BN6065N,7G0115-250.BN6065N,"Celesta Tub Dr 60""x65""BN-SILK",ASHS - Basco,,,,,,,
G0116250MB6065N,7G0116-250.MB6065N,"Celesta Tub Dr 60""x65""MB-SILK",ASHS - Basco,,,,,,,
G0117250LB6065N,7G0117-250.LB6065N,"Celesta Tub Dr 60""x65""MB-SILK",ASHS - Basco,,,,,,,
HINGE/PIVOT DOOR,,,,,,,,,,
SHDR2034722-01,7G1500-250.CH3572N,Hinge Door LS - 34-35-72 Chrome,5,,,,,,,
SHDR2034722-06,7G1502-250.LB3572N,Hinge Door - 34-35-72 ORB,10,,,,,,,
SHDR2046722-06,7G1510-250.LB4772N,Hinge Door - 46-47 ORB,10,,,,,,,
SHDR2058722-06,7G1522-250.LB5972N,Hinge Door - 58-59 ORB,9,,,,,,,
G1100250CH6076N,7G1100-250.CH6076N,"Copa-935 Pvt Dr 60""x76""CH",ASHS - Basco,,,,,,,
G1101250BN6076N,7G1101-250.BN6076N,"Copa-935 Pvt Dr 60""x76""BN",ASHS - Basco,,,,,,,
G1102250MB6076N,7G1102-250.MB6076N,"Copa-935 Pvt Dr 60""x76""MB",ASHS - Basco,,,,,,,
G1103250CH4876N,7G1103-250.CH4876N,"Copa-935 Pvt Dr 48""x76""CH",ASHS - Basco,,,,,,,
G1104250BN4876N,7G1104-250.BN4876N,"Copa-935 Pvt Dr 48""x76""BN",ASHS - Basco,,,,,,,
G1105250MB4876N,7G1105-250.MB4876N,"Copa-935 Pvt Dr 48""x76""MB",ASHS - Basco,,,,,,,
G1110250CH3276N,7G1110-250.CH3276N,"Copa-900 Pvt Dr 32""x76""CH",ASHS - Basco,,,,,,,
G1111250BN3276N,7G1111-250.BN3276N,"Copa-900 Pvt Dr 32""x76""BN",ASHS - Basco,,,,,,,
G1112250MB3276N,7G1112-250.MB3276N,"Copa-900 Pvt Dr 32""x76""MB",ASHS - Basco,,,,,,,
G1113250CH3676N,7G1113-250.CH3676N,"Copa-900 Pvt Dr 36""x76""CH",ASHS - Basco,,,,,,,
G1114250BN3676N,7G1114-250.BN3676N,"Copa-900 Pvt Dr 36""x76""BN",ASHS - Basco,,,,,,,
G1115250MB3676N,7G1115-250.MB3676N,"Copa-900 Pvt Dr 36""x76""MB",ASHS - Basco,,,,,,,
G1123250LB3676N,7G1123-250.LB3676N,Copa-900 Pvt Dr 36x76ORB,,,,,,,,
G1116250CH4276N,7G1116-250.CH4276N,"Fusion Pvt Dr 42""x74""CH",Pivot Door with Panel ,Fusion Semi-Frameless Glass Swing Door & Panel Shower Door Parts | Basco Shower Doors,,,,,,
G1117250BN4276N,7G1117-250.BN4276N,"Fusion Pvt Dr 42""x74""BN",Pivot Door with Panel ,,,,,,,
G1118250MB4276N,7G1118-250.MB4276N,"Fusion Pvt Dr 42""x74""MB",Pivot Door with Panel ,,,,,,,
G1124250LB4276N,7G1124-250.LB4276N,"Fusion Pvt Dr 42""x74""ORB",Pivot Door with Panel ,,,,,,,
SHOWER BY-PASS (SLIDER),,,,,,,,,,
7G1700350CH4876,7G1700-350.CH4876N,44-48 in. W x 76 in. H Bypass CH Door ,Effective 5/19/25 this door have been deleted  use  7G1304-250.CH4876N Door,,,,,,,
7G1701350BN4876,7G1701-350.BN4876N,44-48 in. W x 76 in. H Bypass BN Door,Effective 5/19/25 this door have been deleted  use  7G1305-250.BN4876N Door , ,,,,,,
7G1702350LB4876,7G1702-350.LB4876N,44-48 in. W x 76 in. H Bypass ORB Door,Effective 5/19/25 this door has been deleted  use 7G1308-250.LB4876N Door ,,,,,,,
7G1703350MB4876,7G1703-350.MB4876N,44-48 in. W x 76 in. H Bypass MB Door,Effective 5/19/25 this door has been deleted.  Use 7G1307-250.MB4876N Door ,,,,,,,
RTLA-905-56X76XPSV,7G2600-290.CH5476N,"54"" Rotolo 52"" - 56"" CH",,,,,,,,
RTLA-905-56X76XPBN,7G2601-290.BN5476N,"54"" Rotolo 52"" - 56"" BN",,,,,,,,
7G1706350LB5476,7G1706-350.LB5476N,50-54 in. W x 76 in. H Bypass ORB Door,,,,,,,,
7G1707350MB5476,7G1707-350.MB5476N,50-54 in. W x 76 in. H Bypass MB Door,1,,,,,,,
G1300250CH6076N,7G1300-250.CH6076N,Celesta Byps Shwr 60x76CH,"Shower Bypass Door w/ Clear Glass 60""  CH",Celesta Semi-Frameless Glass Sliding Bath Tub & Shower Door Parts | Basco Shower Doors,,,,,,
G1301250BN6076N,7G1301-250.BN6076N,Celesta Byps Shwr 60x76BN,"Shower Bypass Door w/ Clear Glass 60""  BN",,,,,,,
G1303250MB6076N,7G1303-250.MB6076N,Celesta Byps Shwr 60x76MB,"Shower Bypass Door w/ Clear Glass 60""  MB",,,,,,,
G1304250CH4876N,7G1304-250.CH4876N,Celesta Byps Shwr 48x76CH,,,,,,,,
G1305250BN4876N,7G1305-250.BN4876N,Celesta Byps Shwr 48x76BN,,,,,,,,
G1307250MB4876N,7G1307-250.MB4876N,Celesta Byps Shwr 48x76MB,,,,,,,,
G1308250LB4876O,7G1308-250.LB4876N,Celesta BypsShwr 48x76ORB,,,,,,,,
G1308250LB6076N,7G1308-250.LB6076N,Celesta BypsShwr 60x76ORB,,,,,,,,
G1309250CH6076N,7G1309-250.CH6076N,Celesta Byps Shwr 60x76CH-SILK,"Bypass Door w/ silk Glass 60""  CH",,,,,,,
G1310250BN6076N,7G1310-250.BN6076N,Celesta Byps Shwr 60x76BN-SILK,"Bypass Door w/ silk Glass 60"" BN",,,,,,,
G1311250MB6076N,7G1311-250.MB6076N,Celesta Byps Shwr 60x76MB-SILK,"Bypass Door w/ silk Glass 60"" MB",,,,,,,
G1312250LB6076N,7G1312-250.LB6076N,Celesta BypsShwr 60x76ORB-SILK,"Bypass Door w/ silk Glass 60""  ORB ",,,,,,,
G1313250CH4876N,7G1313-250.CH4876N,Celesta Byps Shwr 48x76CH-SILK,"Bypass Door w/ silk Glass 48"" CH",,,,,,,
G1314250BN4876N,7G1314-250.BN4876N,Celesta Byps Shwr 48x76N-SILK,"Bypass Door w/ silk Glass 48"" BN",,,,,,,
G1315250MB4876N,7G1315-250.MB4876N,Celesta Byps Shwr 48x76MB-SILK,"Bypass Door w/ silk Glass 48"" MB ",,,,,,,
G1316250LB4876N,7G1316-250.LB4876N,Celesta BypsShwr 48x76ORB-SILK,"Bypass Door w/ silk Glass 48"" ORB",,,,,,,
BARN DOORS,,,,,,,,,,
G2100250CH6076N,7G2100-250.CH6076N,"Rotolo BARN 60"" x 76"" CH",Basco,Rotolo Semi-Frameless 3/8-in. Glass Sliding Shower Door Parts | Basco Shower Doors,,,,,,
G2102250MB6076N,7G2102-250.MB6076N,"Rotolo BARN Door 60"" x 76"" MB",Basco,,,,,,,
G2101250BN6076N,7G2101-250.BN6076N,"Rotolo BARN Door 60"" x 76"" BN",Basco,,,,,,,
G2103250CH4876N,7G2103-250.CH4876N,"Rotolo Door 48"" x 76"" CH",Basco,,,,,,,
G2104250BN4876N,7G2104-250.BN4876N,"Rotolo Door 48"" x 76"" BN",Basco,,,,,,,
G2105250MB4876N,7G2105-250.MB4876N,"Rotolo Door 48"" x 76"" MB",Basco,,,,,,,
G2110250LB6076N,7G2110-250.LB6076N,"Rotolo Door 60"" x 76"" ORB",Basco,,,,,,,
G2111250LB4876N,7G2111-250.LB4876N,"Rotolo Door 48"" x 76"" ORB",Basco,,,,,,,
G2202250MB6076N,7G2202-250.MB6076N,"Rotolo Grid Glass 60""x76""",Basco,,,,,,,
G2205250MB4876N,7G2205-250.MB4876N,"Rotolo Grid Glass 48""x76""",Basco,,,,,,,
SHDR61607620-06,7G2302-250.LB6076N,Barn Door 56-60 Oil Rubbed Bronze ,Basco,,,,,,,
SHDR61487620-06,7G2306-250.LB4876N,Barn Door 44-48 Oil Rubbed Bronze,Basco,,,,,,,
G2502350MB4876N,7G2502-350.MB4876N,Essence-H 44-48 in Barn MB,Basco,,,,,,,
OVERSIZED DOORS,,,,,,,,,,
ROLH-935-66X76XPPM,7G3100-299.CH6676N,"Rolaire Custom 62"" - 66"" CH",Basco,,,,,,,
ROLH-935-66X72XPBS,7G3101-299.BN6676N,"Rolaire Custom 62"" - 66"" BN",Basco,,,,,,,
ROLH-935-66X76XPWI,7G3102-299.MB6676N,"Rolaire Custom 62"" - 66"" MB",Basco,,,,,,,
ROLH-935-72X76XPWI,7G3103-299.CH7276N,"Rolaire Custom 68"" - 72"" CH",Basco,,,,,,,
ROLH-935-72X76XPBS,7G3104-299.BN7276N,"Rolaire Custom 68"" - 72"" BN",Basco,,,,,,,
ROLH-935-72X76XPPM,7G3105-299.MB7276N,"Rolaire Custom 68"" - 72"" MB",Basco,,,,,,,
RTLA-905-56X76XPSV,7G2600-290.CH5476N,"54"" Rotolo 52"" - 56"" CH",Basco,4,,,,,,
RTLA-905-56X76XPBN,7G2601-290.BN5476N,"54"" Rotolo 52"" - 56"" BN",Basco,4,,,,,,
RTLA-905-56X76XPWI,7G2602-290.MB5476N,"54"" Rotolo 52"" - 56"" MB",Basco,4,,,,,,
RTLA-905-56X76XPOR,7G2603-290.LB5476N,"54"" Rotolo 52"" - 56"" LB",Basco,2,,,,,,
NEO-ANGLE DOOR,,,,,,,,,,
G6200250CH3676N,7G6200-250.CH3676N,"Infinity NEO 36"" x 76"" CH",Basco,Infinity Semi-Frameless Glass Neo Angle Swing Shower Door Parts | Basco Shower Doors,,,,,,
G6201250BN3676N,7G6201-250.BN3676N,"Infinity NEO 36"" x 76"" BN",Basco,,,,,,,
G6202250MB3676N,7G6202-250.MB3676N,"Infinity NEO 36"" x 76"" MB",Basco,,,,,,,
G6203250CH3876N,7G6203-250.CH3876N,"Infinity NEO 38"" x 76"" CH",Basco,,,,,,,
G6204250BN3876N,7G6204-250.BN3876N,"Infinity NEO 38"" x 76"" BN",Basco,,,,,,,
G6205250MB3876N,7G6205-250.MB3876N,"Infinity NEO 38"" x 76"" MB",Basco,,,,,,,
G6206250CH4276N,7G6206-250.CH4276N,"Infinity NEO 42"" x 76"" CH",Basco,,,,,,,
G6207250BN4276N,7G6207-250.BN4276N,"Infinity NEO 42"" x 76"" BN",Basco,,,,,,,
G6208250MB4276N,7G6208-250.MB4276N,"Infinity NEO 42"" x 76"" MB",Basco,,,,,,,
G6203250CH3876N,7G6203-250.CH3876N,"Infinity NEO 38"" x 76"" CH",Basco,,,,,,,
G6204250BN3876N,7G6204-250.BN3876N,"Infinity NEO 38"" x 76"" BN",Basco,,,,,,,
G6205250MB3876N,7G6205-250.MB3876N,"Infinity NEO 38"" x 76"" MB",Basco,,,,,,,
PALLETS,,,,,,,,,,
7PK-AFRAMEAC,7PK-AFRAMEAC,A-FRAME ACRYLIC TO DC,ASHS,,,,,,,
7PK-AFRAMESS,7PK-AFRAMESS,A-FRAME SOLID SURFACE TO DC,ASHS,,,,,,,
7PKP5936,7PK-P5936,5936 Pallet-MOMENT ONLY,ASHS,,,,,,,
SAFETY BARS,,,,,,,,,,
7R1010250CH0024,7R1010-250.CH0024N,Townsend Grab Bars CH,ASHS - Seachrome,,,,,,,
7R1011250BN0024,7R1011-250.BN0024N,Townsend Grab Bars BN,ASHS - Seachrome,,,,,,,
7R1012250LB0024,7R1012-250.LB0024N,Townsend Grab Bars MB,ASHS - Seachrome,,,,,,,
7R2008250CH0024,7R2008-250.CH0024N,Patience/Studio Grab Bars CH,ASHS - Seachrome,,,,,,,
7R2009250BN0024,7R2009-250.BN0024N,Patience/Studio Grab Bars BN,ASHS - Seachrome,,,,,,,
7R2010250MB0024,7R2010-250.MB0024N,Patience/Studio Grab Bars MB,ASHS - Seachrome,,,,,,,
SEATS,,,,,,,,,,
,,,,,,,,,,
SLIMLINE SEATS,,,,,,,,,,
7S1204-250.WH1820N,7S1204-250.WH1820N,Slimline Fold-Up WH/CH,ASHS - Seachrome,,,,,,,
7S1212250BL1820,7S1212-250.BL1820N,Slimline Fold-up Seat Black on Black,ASHS - Seachrome,,,,,,,
7S1213250TK1820,7S1213-250.TK1820N,Slimline Fold-up Seat Brushed Nickel Teak,ASHS - Seachrome,,,,,,,
S1220250CH1820N,7S1220-250.CH1820N,Teak Seat Slimline CH,ASHS - Seachrome,,,,,,,
S1221250MB1820N,7S1221-250.MB1820N,Teak Seat Slimline MB,ASHS - Seachrome,,,,,,,
COMFORT PLUS SEAT,,,,,,,,,,
7S1300250CH2716,7S1300-250.CH2716N,Comfort Plus White Chrome,ASHS - Seachrome,,,,,,,
7S1301250TK2716,7S1301-250.TK2716N,Comfort Plus Brushed Nickel Teak,ASHS - Seachrome,,,,,,,
7S1302250BL2716,7S1302-250.BL2716N,Comfort Plus Black Black,ASHS - Seachrome,,,,,,,
S1222250CH1820N,7S1222-250.CH1820N,Teak Seat Comfort Plus CH,ASHS - Seachrome,,,,,,,
S1223250MB1820N,7S1223-250.MB1820N,Teak Seat Comfort Plus MB,ASHS - Seachrome,,,,,,,
KERDI KITS & TRIM,,,,,,,,,,
KERDI WALLS,,,,,,,,,,
N0005350NA3923N,7N0005-350.NA3923N,Kerdi Membrane Kit Tub,ASHS - Schluter,,,,,,,
7N0007-250.NA48,7N0007-250.NA4864N,Kerdi Board Pnl 48x64x1/2,ASHS - Schluter,,,,,,,
N0006250NA4832N,7N0006-250.NA4832N,"0.5"" Kerdi Panel",ASHS - Schluter,,,,,,,
N0000250NA3933N,7N0000-250.NA3933N,Kerdi Membrane 33',ASHS - Schluter,,,,,,,
N0001250NA0533N,7N0001-250.NA0533N,Kerdi Band 33',ASHS - Schluter,,,,,,,
N0002250NA0005N,7N0002-250.NA0005N,Kerdi Seal 0.5,ASHS - Schluter,,,,,,,
N0003250NA0075N,7N0003-250.NA0075N,Kerdi Seal 0.75,ASHS - Schluter,,,,,,,
N0004350NA4838N,7N0004-350.NA4838N,Kerdi Board Kit Shower,ASHS - Schluter,,,,,,,
N1000250NA0125N,7N1000-250.NA0125N,Kerdi ZT Washer 100,ASHS - Schluter,,,,,,,
N1001250NA0002N,7N1001-250.NA0002N,Kerdi ZS Screws 100,ASHS - Schluter,,,,,,,
N1002350NA1625N,7N1002-350.NA1625N,Kerdi ZT ZS Washer & Screws Kit,ASHS - Schluter,,,,,,,
N1003250NA4148N,7N1003-250.NA4148N,Kerdi-Board Reinforcement tape,ASHS - Schluter,,,,,,,
N1004250NA0005N,7N1004-250.NA0005N,Kerdi-Board double sided tape,ASHS - Schluter,,,,,,,
SCHLUTER TRIM,,,,,,,,,,
7T0110250CH312O,7T0110-250.CH3125O,Aluminum Corner Trim CH Jolly,ASHS - Schluter,,,,,,,
7T0111250BN312O,7T0111-250.BN3125O,Aluminum Corner Trim BN Jolly,ASHS - Schluter,,,,,,,
7T0112250LB312O,7T0112-250.LB3125O,Aluminum Corner Trim LB Jolly,ASHS - Schluter,,,,,,,
T0113250MB3125O,7T0113-250.MB3125O,Aluminum Corner Trim MB Jolly,ASHS - Schluter,,,,,,,
T0114250WH3125O,7T0114-250.WH3125O,Aluminum Corner Trim WH Jolly,ASHS - Schluter,,,,,,,
T0200250CH3125O,7T0200-250.CH3125O,Aluminum Corner Trim CH Rondec,ASHS - Schluter,,,,,,,
T0201250BN3125O,7T0201-250.BN3125O,Aluminum Corner Trim BN Rondec,ASHS - Schluter,,,,,,,
T0202250LB3125O,7T0202-250.LB3125O,Aluminum Corner Trim LB Rondec,ASHS - Schluter,,,,,,,
T0203250MB3125O,7T0203-250.MB3125O,Aluminum Corner Trim MB Rondec,ASHS - Schluter,,,,,,,
T0204250WH3125O,7T0204-250.WH3125O,Aluminum Corner Trim WH Rondec,ASHS - Schluter,,,,,,,
T0205250CH3125O,7T0205-250.CH3125O,Aluminum 90 Outside Corner Chrome,ASHS - Schluter,,,,,,,
T0206250BN3125O,7T0206-250.BN3125O,Aluminum 90 Outside Corner Nickel,ASHS - Schluter,,,,,,,
T0207250LB3125O,7T0207-250.LB3125O,Aluminum 90 Outside Corner Bronze,ASHS - Schluter,,,,,,,
T0208250MB3125O,7T0208-250.MB3125O,Aluminum 90 Outside Corner Black ,ASHS - Schluter,,,,,,,
T0209250WH3125O,7T0209-250.WH3125O,Aluminum 90 Outside Corner White,ASHS - Schluter,,,,,,,
T0226250CH0098N,7T0226-250.CH0098N,Rondec Step CH,ASHS - Schluter,,,,,,,
T0227250BN0098N,7T0227-250.BN0098N,Rondec Step BN,ASHS - Schluter,,,,,,,
T0228250LB0098N,7T0228-250.LB0098N,Rondec Step LB,ASHS - Schluter,,,,,,,
SCHLUTER CORNER CONNECTORS,,,,,,,,,,
T0210250CH3125O,7T0210-250.CH3125O,Aluminum 90 2 Leg Outside Corner Chrome,ASHS - Schluter,,,,,,,
T0211250BN3125O,7T0211-250.BN3125O,Aluminum 90 2 Leg Outside Corner Nickel,ASHS - Schluter,,,,,,,
T0212250LB3125O,7T0212-250.LB3125O,Aluminum 90 2 Leg Outside Corner Bronze,ASHS - Schluter,,,,,,,
T0213250MB3125O,7T0213-250.MB3125O,Aluminum 90 2 Leg Outside Corner Black ,ASHS - Schluter,,,,,,,
T0214250CH3125I,7T0214-250.CH3125I,Aluminum 90 Inside Corner Chrome,ASHS - Schluter,,,,,,,
T0215250BN3125I,7T0215-250.BN3125I,Aluminum 90 Inside Corner Nickel,ASHS - Schluter,,,,,,,
T0216250LB3125I,7T0216-250.LB3125I,Aluminum 90 Inside Corner Bronze,ASHS - Schluter,,,,,,,
T0217250MB3125I,7T0217-250.MB3125I,Aluminum 90 Inside Corner Black ,ASHS - Schluter,,,,,,,
T0218250WH3125I,7T0218-250.WH3125I,Aluminum 90 Inside Corner White,ASHS - Schluter,,,,,,,
T0219250CH3125I,7T0219-250.CH3125I,Aluminum 90 2 Leg Inside Corner Chrome,ASHS - Schluter,,,,,,,
T0220250BN3125I,7T0220-250.BN3125I,Aluminum 90 2 Leg Inside Corner Nickel,ASHS - Schluter,,,,,,,
T0221250LB3125I,7T0221-250.LB3125I,Aluminum 90 2 Leg Inside Corner Bronze,ASHS - Schluter,,,,,,,
T0222250MB3125I,7T0222-250.MB3125I,Aluminum 90 2 Leg Inside Corner Black ,ASHS - Schluter,,,,,,,
ACRYLIC CEILING PANELS & TAPE,,,,,,,,,,
7U0000220WH4762,7U0000-220.WH4762N,Acrylic Ceiling Panel White,ASHS,,,,,,,
7U0001220LN4762,7U0001-220.LN4762N,Acrylic Ceiling Panel Linen,ASHS,,,,,,,
7U0004220RS4762,7U0004-220.RS4762N,Acrylic Ceiling Panel Roman Stone,ASHS,,,,,,,
7U0005220SV4762,7U0005-220.SV4762N,Acrylic Ceiling Panel Silver Vein,ASHS,,,,,,,
7U0006220TS4762,7U0006-220.TS4762N,Acrylic Ceiling Panel Tibur Stone,ASHS,,,,,,,
7U0008220VM4762,7U0008-220.VM4762N,Acrylic Ceiling Panel Vienna Mist,ASHS,,,,,,,
7A1000268NA0240,7A1000-268.NA0240N,Black Butyl Tape Rolls,ASHS,,,,,,,
ACRYLIC WALLS & TRIM,,,,,,,,,,
ACRYLIC SMOOTH WALLS,,,,,,,,,,
W0038221WH6298N,7W0038-221.WH6298N,"60"" x 96"" Flat Acrylic Wall White",ASHS,,,,,,,
W0000221WH3898N,7W0000-221.WH3898N,"36"" x 96"" Flat Acrylic Wall White",ASHS,,,,,,,
W0051221LN6298C,7W0051-221.LN6298C,"60"" x 96"" Flat Acrylic Wall Linen",ASHS,,,,,,,
W0001221LN3898N,7W0001-221.LN3898N,"36"" x 96"" Flat Acrylic Wall Linen",ASHS,,,,,,,
W0012221RS6298C,7W0012-221.RS6298C,"60"" x 96"" Flat Acrylic Wall Roman Stone",ASHS,,,,,,,
W0004221RS3898N,7W0004-221.RS3898N,"36"" x 96"" Flat Acrylic Wall Roman Stone",ASHS,,,,,,,
W0013221SV6298C,7W0013-221.SV6298C,"60"" x 96"" Flat Acrylic Wall Silver Vein",ASHS,,,,,,,
W0005221SV3898N,7W0005-221.SV3898N,"36"" x 96"" Flat Acrylic Wall Silver Vein",ASHS,,,,,,,
W0014221TS6298C,7W0014-221.TS6298C,"60"" x 96"" Flat Acrylic Wall Tibur Stone",ASHS,,,,,,,
W0006221TS3898N,7W0006-221.TS3898N,"36"" x 96"" Flat Acrylic Wall Tibur Stone",ASHS,,,,,,,
W0016221VM6298C,7W0016-221.VM6298C,"60"" x 96"" Flat Acrylic Wall Vienna Mist",ASHS,,,,,,,
W0008221VM3898N,7W0008-221.VM3898N,"36"" x 96"" Flat Acrylic Wall Vienna Mist",ASHS,,,,,,,
ACRYTILE WALLS,,,,,,,,,,
W2001235WH6298C,7W2001-235.WH6298C,"60"" x 96"" Acrytile Wall Subway White",ASHS,,,,,,,
W2000235WH3898N,7W2000-235.WH3898N,"36"" x 96"" Acrytile Wall Subway White",ASHS,,,,,,,
W2003235TS6298C,7W2003-235.TS6298C,"60"" x 96"" Acrytile Wall Subway Tibur Stone",ASHS,,,,,,,
W2002235TS3898N,7W2002-235.TS3898N,"36"" x 96"" Acrytile Wall Subway Tibur Stone",ASHS,,,,,,,
W2012221TS6096N,7W2012-221.TS6096N,"60"" x 96"" Acrytile Wall 12"" Tibur Stone",ASHS,,,,,,,
W2013221TS3696N,7W2013-221.TS3696N,"36"" x 96"" Acrytile Wall 12"" Tibur Stone",ASHS,,,,,,,
ACRYLIC TRIM,,,,,,,,,,
7T0005220WH0398,7T0005-220.WH0398N,Edge Trim 3X98 - Arctic White,ASHS,,,,,,,
7T0006220LN0398,7T0006-220.LN0398N,Edge Trim 3X98 - Sahara Creme,ASHS,,,,,,,
7T0009220RS0398,7T0009-220.RS0398N,Edge Trim 3x98 - Roman Stone,ASHS,,,,,,,
7T0010220SV0398,7T0010-220.SV0398N,Edge Trim 3X98 - Silver Vein,ASHS,,,,,,,
7T0011220TS0398,7T0011-220.TS0398N,Edge Trim 3x98 - Tibur Stone,ASHS,,,,,,,
7T0013220VM0398,7T0013-220.VM0398N,Edge Trim 3x98 - Vienna Mist,ASHS,,,,,,,
7T2000221WH0398,7T2000-221.WH0398N,Batten Strip 3X98 - Arctic White,ASHS,,,,,,,
7T2003221RS0398,7T2003-221.RS0398N,Batten Strip 3x98 - Roman Stone,ASHS,,,,,,,
7T2004221LN0398,7T2004-221.LN0398N,Batten Strip 3X98 - Sahara Creme,ASHS,,,,,,,
7T2005221SV0398,7T2005-221.SV0398N,Batten Strip 3x98 - Silver Vein,ASHS,,,,,,,
7T2006221TS0398,7T2006-221.TS0398N,Batten Strip 3x98 - Tibur Stone,ASHS,,,,,,,
7T2008221VM0398,7T2008-221.VM0398N,Batten Strip 3x98 - Vienna Mist,1 in stock as of 10/20. Out of stock until  early Dec 2025,,,,,,,
T5000220WH0298O,7T5000-220.WH0298O,Outside Corner Trim 98 - Arctic White,ASHS,,,,,,,
T5003220RS0298O,7T5003-220.RS0298O,Outside Corner Trim 98 - Roman Stone,ASHS,,,,,,,
T5004220LN0298O,7T5004-220.LN0298O,Outside Corner Trim 98 - Linen,ASHS,,,,,,,
T5005220SV0298O,7T5005-220.SV0298O,Outside Corner Trim 98 - Silver Vein,ASHS,,,,,,,
T5006220TS0298O,7T5006-220.TS0298O,Outside Corner Trim 98 - Tibur Stone,ASHS,,,,,,,
T5008220VM0298O,7T5008-220.VM0298O,Outside Corner Trim 98 - Vienna Mist,ASHS,,,,,,,
ACRYLIC WINDOW KIT,,,,,,,,,,
SOLID SURFACE WALLS & TRIM,,,,,,,,,,
LEGACY SUBWAY WALLS,,,,,,,,,,
7W4100245GB6096,7W4100-245.GB6096N,SS Back Wall 60x96 Grey Garden Subway,Trumbull,,,,,,,
7W4101245GB3696,7W4101-245.GB3696N,SS Side Wall 36x96 Grey Garden Subway,Trumbull,,,,,,,
7W4102245GB4896,7W4102-245.GB4896N,SS Side Wall 48x96 Grey Garden Subway,Trumbull,,35117000,,,,,
7W4103245WV6096,7W4103-245.WV6096N,SS Back Wall 60x96 White Reef Subway,Trumbull,,29423000,,,,,
7W4104245WV3696,7W4104-245.WV3696N,SS Side Wall 36x96 White Reef Subway,Trumbull,,,,,,,
7W4105245WV4896,7W4105-245.WV4896N,SS Side Wall 48x96 White Reef Subway,Trumbull,,,,,,,
7W4106245BM6096,7W4106-245.BM6096N,SS Back Wall 60x96 Bitusa Marble Subway,Trumbull,,,,,,,
7W4107245BM3696,7W4107-245.BM3696N,SS Side Wall 36x96 Bitusa Marble Subway,Trumbull,,,,,,,
7W4108245BM4896,7W4108-245.BM4896N,SS Side Wall 48x96 Bitusa Marble  Subway,Trumbull,,,,,,,
RESERVE WALLS,,,,,,,,,,
7W4200241BA6096,7W4200-241.BA6096N,SS Back Wall 60x96 Camden,Trumbull,,,,,,,
7W4201241BA3696,7W4201-241.BA3696N,SS Back Wall 36x96 Camden,Trumbull,,,,,,,
7W4202241BA4896,7W4202-241.BA4896N,SS Back Wall 48x96 Camden,Trumbull,,,,,,,
7W4203241SR6096,7W4203-241.SR6096N,SS Back Wall 60x96 Serenade,Trumbull,,,,,,,
7W4204241SR3696,7W4204-241.SR3696N,SS Back Wall 36x96 Serenade,Trumbull,,,,,,,
7W4205241SR4896,7W4205-241.SR4896N,SS Back Wall 48x96 Serenade,Trumbull,,,,,,,
7W4206241BO6096,7W4206-241.BO6096N,SS Back Wall 60x96 Thunder Oak,Trumbull,,,,,,,
7W4207241BO3696,7W4207-241.BO3696N,SS Back Wall 36x96 Thunder Oak,Trumbull,,,,,,,
7W4208241BO4896,7W4208-241.BO4896N,SS Back Wall 48x96 Thunder Oak,Trumbull,,,,,,,
LEGACY SMOOTH WALLS,,,,,,,,,,
7W4215241GG6096,7W4215-241.GG6096V,"60"" wall panel - Grey Garden Smooth",Trumbull,,,,,,,
7W4213241GG3696,7W4213-241.GG3696V,"36"" wall panel - Grey Garden Smooth",Trumbull,,,,,,,
7W4214241GG4896,7W4214-241.GG4896V,"48"" wall panel - Grey Garden Smooth",Trumbull,,,,,,,
7W4218241WR6096,7W4218-241.WR6096V,"60"" wall panel - White Reef Smooth ",Trumbull,,,,,,,
7W4216241WR3696,7W4216-241.WR3696V,"36"" wall panel - White Reef Smooth ",Trumbull,,,,,,,
7W4217241WR4896,7W4217-241.WR4896V,"48"" wall panel - White Reef Smooth ",Trumbull,,,,,,,
7W4221241BM6096,7W4221-241.BM6096V,"60"" wall panel - Bitusa Marble Smooth",Trumbull,,,,,,,
7W4219241BM3696,7W4219-241.BM3696V,"36"" wall panel - Bitusa Marble Smooth",Trumbull,,,,,,,
7W4220241BM4896,7W4220-241.BM4896V,"48"" wall panel - Bitusa Marble Smooth",Trumbull,,,,,,,
SOLID SURFACE WHITE WALL,,,,,,,,,,
7W4710-241.WH6096N,7W4710-241.WH6096N,Solid Surface WH Smooth 60X96,ASHS - Avonite,,,,,,,
7W4711-241.WH3696N,7W4711-241.WH3696N,Solid Surface WH Smooth 36X96,ASHS - Avonite,,,,,,,
7W4701245WH6096,7W4701-245.WH6096N,"SOLID SURFACE SUBWAY WALL 60"" X 96""",1,,,,,,,
7W4702245WH3696,7W4702-245.WH3696N,"SOLID SURFACE SUBWAY WALL 36"" X 96""",2,,,,,,,
,7T3211-240.WH4848N,"48"" Window Trim Kit 1001 WH",Make sure to use this item for Legacy white SS walls,,,,,,,
,7T7111-240.WH6036N,Pencil Trim Kit 1001 White,Trumbull,,,,,,,
,7T5711-240.WH0298N,Edge Trim 1001 White,Trumbull,,,,,,,
,7T5511-240.WH0296N,Outside Corner Molding 1001 WH,Trumbull,,,,,,,
,7C6011-240.WH0808N,SS Corner Shelf 1001 White,Trumbull,,,,,,,
,7T5611-240.WH0296N,Over-tile trim 1001 WH,Trumbull,,,,,,,
,7T2211-240.WH0296N,Batten Molding 1001 WH,Trumbull,,,,,,,
,,,,,,,,,,
SOLID SURFACE PENCIL TRIM,,,,,,,,,,
7T7000340GB6036,7T7000-340.GB6036N,Pencil Trim Kit - Grey Garden,Trumbull,,,,,,,
7T7001340WR6036,7T7001-340.WR6036N,Pencil Trim Kit - White Reef ,Trumbull,,,,,,,
7T7002340BM6036,7T7002-340.BM6036N,Pencil Trim Kit - Bitusa Marble ,Trumbull,,,,,,,
7T7009340CE6036,7T7009-340.CE6036N,Pencil Trim Kit- Cameo,Trumbull,,,,,,,
T7010340WH6036N,7T7010-340.WH6036N,"Pencil Trim Kit 60"" White",Trumbull,,,,,,,
SOLID SURFACE TRIM,,,,,,,,,,
T5500240WH0296O,7T5500-240.WH0296O,Outside Corner Molding WH,Trumbull,,,,,,,
T5502240CE0296O,7T5502-240.CE0296O,Outside Corner Molding Cameo ,Trumbull,,,,,,,
T5503240GG0296O,7T5503-240.GG0296O,Outside Corner Molding Grey Beach,Trumbull,,,,,,,
T5504240WR0296O,7T5504-240.WR0296O,Outside Corner Molding White Venito,Trumbull,,,,,,,
T5505240BM0296O,7T5505-240.BM0296O,Outside Corner Molding Biscotti Marble,Trumbull,,,,,,,
7T5700240WH0298,7T5700-240.WH0298O,Edge Trim White,Trumbull,,,,,,,
7T5701240GG0298,7T5701-240.GG0298O,Edge Trim Grey Garden,Trumbull,,,,,,,
7T5702240CE0298,7T5702-240.CE0298O,Edge Trim Cameo,Trumbull,,,,,,,
7T5707240WR0298,7T5707-240.WR0298O,Edge Trim White Reef,Trumbull,,,,,,,
7T5708240BM0298,7T5708-240.BM0298O,Edge Trim Bitusa Marble,Trumbull,,,,,,,
7T2200240WH0296,7T2200-240.WH0296N,Batten Molding White,Trumbull,,,,,,,
7T2201240BC0296,7T2201-240.BC0296N,Batten Molding Biscuit,Trumbull,,,,,,,
7T2202240CE0296,7T2202-240.CE0296N,Batten Molding Cameo,Trumbull,,,7500,,,,
7T2203240GG0296,7T2203-240.GG0296N,Batten Molding Grey Garden,Trumbull,,,5069,,,,
7T2204240WR0296,7T2204-240.WR0296N,Batten Molding White Reef,Trumbull,,,,,,,
7T2205240BM0296,7T2205-240.BM0296N,Batten Molding Biscotti Marble,Trumbull,,,,,,,
T5600240WH0296O,7T5600-240.WH0296O,Over-tile trim White,Trumbull,,,,,,,
T5602240CE0296O,7T5602-240.CE0296O,Over-tile trim Cameo,Trumbull,,,,,,,
T5603240GG0296O,7T5603-240.GG0296O,Over-tile trim Grey Beach,Trumbull,,,,,,,
T5604240WR0296O,7T5604-240.WR0296O,Over-tile trim White Venito,Trumbull,,,,,,,
T5605240BM0296O,7T5605-240.BM0296O,Over-tile trim Biscotti Marble,Trumbull,,,,,,,
SOLID SURFACE WINDOW KITS,,,,,,,,,,
7T3200240WH4848,7T3200-240.WH4848N,"48"" Window Trim Kit White",NEVER USE THIS WITH WHITE SOLID SURACE WALLS (See Line 544),,,,,,,
7T3201240CE4848,7T3201-240.CE4848N,"48"" Window Trim Kit Cameo ",Trumbull,,,,,,,
7T3202240GG4848,7T3202-240.GG4848N,"48"" Window Trim Kit Grey Beach ",Trumbull,,,,,,,
7T3203240WR4848,7T3203-240.WR4848N,"48"" Window Trim Kit White Reef",Trumbull,,,,,,,
7T3204240BM4848,7T3204-240.BM4848N,"48"" Window Trim Kit Bitusa Marble",Trumbull,,,,,,,
7T3210299NA9999,7T3210-299.NA9999N,WINDOW KIT CUSTOM,,,,,,,,
MOMENT WALL & TRIM,,,,,,,,,,
MOMENT WALLS,,,,,,,,,,
W5000251ES1526N,7W5000-251.ES1526N,Empire Stone Rain Cloud carton 8 pcs,ASHS - ACP,,,,,,,
W5001251CO1526N,7W5001-251.CO1526N,Colosseum Grecian Earth carton 8 pcs,ASHS - ACP,,,,,,,
W5002251PM1526N,7W5002-251.PM1526N,Pisa Marble Carrara Marble carton 8 pcs,ASHS - ACP,,,,,,,
W5003251MH1526N,7W5003-251.MH1526N,Mining House Ashen Slate carton 8 pcs,ASHS - ACP,,,,,,,
MOMENT WINDOW KITS,,,,,,,,,,
T3302301ES0854N,7T3302-301.ES0854N, Window Kit Empire Stone,ASHS,,,,,,,
T3303301CO0854N,7T3303-301.CO0854N,Window Kit Colosseum,ASHS,,,,,,,
T3304301PM0854N,7T3304-301.PM0854N,Window Kit Pisa Marble,ASHS,,,,,,,
T3305301MH0854N,7T3305-301.MH0854N,Windo Kit Mining House,ASHS,,,,,,,
T3300241WH0854N,7T3300-241.WH0854N,Window Sill White,ASHS,,,,,,,
T3301241LN0854N,7T3301-241.LN0854N,Window Sill Linen,ASHS,,,,,,,
"MOMENT TRIM- NOTE ONLY 90"" IN LENGTH",,,,,,,,,,
T5800250ES0294O,7T5800-250.ES0294O,Empire Stone J Trim,ASHS - ACP,,,,,,,
T5801250CO0294O,7T5801-250.CO0294O,Colosseum J Trim,ASHS - ACP,,,,,,,
T5802250PM0294O,7T5802-250.PM0294O,Pisa Marble J Trim,ASHS - ACP,,,,,,,
T5803250MH0294O,7T5803-250.MH0294O,Mining House J Trim,ASHS - ACP,,,,,,,
T5804250ES0294O,1021 Groves Pass SE ,Empire Stone L Trim,ASHS - ACP,,,,,,,
T5805250CO0294O,7T5805-250.CO0294O,Colosseum L Trim,ASHS - ACP,,,,,,,
T5806250PM0294O,7T5806-250.PM0294O,Pisa Marble L Trim,ASHS - ACP,,,,,,,
T5807250MH0294O,7T5807-250.MH0294O,Mining House L Trim,ASHS - ACP,,,,,,,
SILICONE/ADHESIVE/CORNER REINFORCEMENT,,,,,,,,,,
SILICONE ,,,,WALL COLOR,SILICONE COLOR,,,,,
7X0003270WH0012,7X0003-270.WH0012N,TRANS WHITE- SILICONE,ASHS - Silco,WHITE,WHITE,,,,,
7X0004270TG0012,7X0004-270.TG0012N,Silicone GR Trans Gray,ASHS - Silco,LINEN,LINEN,,,,,
7X1000260WH0012,7X1000-260.WH0012N,Silicone White,ASHS - Silco,ROMAN STONE,ROMAN STONE,,,,,
7X1002260RS0012,7X1002-260.RS0012N,Silicone Roman Stone,ASHS - Silco,SILVER VEIN,OPAQUE GREY,,,,,
7X1004260TS0012,7X1004-260.TS0012N,Silicone Linen,ASHS - Silco,VIENNA MIST,TRANS GREY,,,,,
7X1005270CL0010,7X1005-270.CL0010N,Clear Silicone ,ASHS - Silco,TIBERSTONE,LINEN,,,,,
7X1006OG0012,7X1006-OG0012N,Silicone Mrbl  Opaque Grey,ASHS - Silco,WHITE REEF,WHITE,,,,,
ADHESIVE,,,,BITUSA MARBLE,LINEN,,,,,
7A0001260CL0020,7A0001-260.CL0020N,Sausage Adhesive,ASHS - Silco,GREY GARDEN,OPAQUE GREY,,,,,
CORNER REINFORCEMENTS,,,,THUNDER OAK,TRANS GREY,,,,,
7N0100-0296I,7N0100-0296I,Corner Reinforcements,?,SERENDAE,LINEN,,,,,
TRIM KITS/ROUGH IN/HANDSHOWERS,,,,CAMDEN,TRANS WHITE,,,,,
TRIM KITS ,,,,PISA MARBLE,TRANS WHITE,,,,,
TU075508.002,TU075508.002,COLONY PRO- CHROME,American Standard,COLLOSIUM,TRANS GREY,,,,,
TU075508.295,TU075508.295,COLONY PRO- BN,American Standard,EMPIRE STONE,TRANS WHITE,,,,,
TU105508.002,TU105508.002,Studio Tub CH,American Standard,MINING HOUSE,TRANS GREY,,,,,
TU105508.243,TU105508.243,Studio Tub MB,American Standard,,,,,,,
TU105508.295,TU105508.295,Studio Tub BN,American Standard,,,,,,,
TU353508.002,TU353508.002,Townsend Tub CH,12-5-2024 Current Faucet Kits for Townsend/ Edgemere ,,,,,,,
TU353508.295,TU353508.295,Townsend Tub BN,Edgemere in Chrome                                   TU018508.002,,,,,TOWNSEND SUB,,
TU353508.278,TU353508.278,Townsend Tub LB,Edgemere in Legacy Bronze                        TU018508.278,,,,,,,
TU353508.243,TU353508.278,TOWNSEND TUB MB,Townsend in Matte Black                              TU353508.243,,,,,,,
TU018508.002,TU018508.002,EDGEMERE TRIM KIT- CHROME,Townsend in Brushed Nickel                         TU353508.295,,,,,,,
TU018508.295,TU018508.295,EDGEMERE TRIM KIT-BN,,,,,,,,
TU018508.243,TU018508.243,Edgemere Tub/ Shower - MB ,,,,,,TU018508.002,TU018508.002,EDGEMERE TRIM KIT- CHROME
TU018508.278,TU018508.278,EDGEMERE TUB/SHOWER- LB,,,,,,TU018508.295,TU018508.295,EDGEMERE TRIM KIT-BN
,,,,,,,,TU018508.243,TU018508.243,EDGEMERE TRIM KIT- MB
TU617508.002,TU617508.002,GLENMERE TUB/SHOWER CHROME,,,,,,TU018508.278,TU018508.278,EDGEMERE TRIM KIT-LB
TU617508.243,TU617508.243,GLENMERE TUB/SHOWER MATTE BLACK,,,,,,,,
TU617508.278,TU617508.278,GLENMERE TUB/SHOWER LEGACY BRONZE,Not in Stock,,,,,,,
TU617508.295,TU617508.295,GLENMERE TUB/SHOWER BRUSHED NICKEL,,,,,,,,
ROUGH IN,,,,,,,,,,
RU101,RU101,750SH VALVE ROUGH W UNIVERSAL,** Do Not Use **  Use the RU101SS ,,,,,,,
RU101SS,RU101SS,FLASH VALVE ROUGH W UNIVERSAL W SS,All BRL Jobs are to have the RU101SS ,,,,,,,
RU107SS,RU107SS,Flash Valve Rough - Pex Option,** Do Not Use **  Use the RU101SS ,,,,,,,
RU108SS,RU108SS,FLASH VALVE-COLD EXPANSIO,** Do Not Use **  Use the RU101SS ,,,,,,,
HAND SHOWERS,,,,,,,,,,
9038254.002,9038254.002,Spectra Duo CH,American Standard,,,,,,,
9038254.243,9038254.243,Spectra Duo MB,American Standard,,,,,,,
9038254.278,9038254.278,Spectra Duo LB,Not in Stock ,,,,,,,
9038254.295,9038254.295,Spectra Duo BN,American Standard,,,,,,,
1029070000,1029070000,Spectra Versa CH,American Standard,,,,,,,
1029072430,1029072430,Spectra Versa MB,American Standard,,,,,,,
1029072780,1029072780,Spectra Versa LB,American Standard,,,,,,,
1029072950,1029072950,Spectra Versa BN,American Standard,,,,,,,
REPAIR KITS,,,,,,,,,,
7Y4000250WH0015,7Y4000-250.WH0015N,Enamel Repair Kit .011 White ,,,,,,,,
7Y4001250LN0015,7Y4001-250.LN0015N,Enamel Repair Kit .222 Linen,,,,,,,,
0709000110A,070900-0110A,ENAMEL STEEL TOUCH-UP PAINT     ,,,,,,,,
,,,,,,,,,,
,,,,,,,,,,
,,,,,,,,,,
,,Custom Barn Style Shower Door: Basco ,,,,,,,,
ROLH-935-66X76XPPM,7G3100-299.CH6676N,"Rolaire Custom 62"" - 66"" CH",mto,,,,,,,
ROLH-935-66X72XPBS,7G3101-299.BN6676N,"Rolaire Custom 62"" - 66"" BN",mto,,,,,,,
ROLH-935-66X76XPWI,7G3102-299.MB6676N,"Rolaire Custom 62"" - 66"" MB",mto,,,,,,,
ROLH-935-72X76XPWI,7G3103-299.CH7276N,"Rolaire Custom 68"" - 72"" CH",mto,,,,,,,
ROLH-935-72X76XPBS,7G3104-299.BN7276N,"Rolaire Custom 68"" - 72"" BN",mto,,,,,,,
ROLH-935-72X76XPPM,7G3105-299.MB7276N,"Rolaire Custom 68"" - 72"" MB",mto,,,,,,,
RTLA-905-56X76XPSV,7G2600-290.CH5476N,"54"" Rotolo 52"" - 56"" CH",mts,4,,,,,,
RTLA-905-56X76XPBN,7G2601-290.BN5476N,"54"" Rotolo 52"" - 56"" BN",mts,4,,,,,,
RTLA-905-56X76XPWI,7G2602-290.MB5476N,"54"" Rotolo 52"" - 56"" MB",mts,4,,,,,,
RTLA-905-56X76XPOR,7G2603-290.LB5476N,"54"" Rotolo 52"" - 56"" LB",mts,2,,,,,,
,,,,,,,,,,
,,,,,,,,,,
,,MTO=  Made  To Order ,,,,,,,,
,,Rolaire Barn Door= Single Bypass Panel with 1 stationary panel ,,,,,,,,
,,,,,,,,,,
,,,,,,,,,,
35117000,29423000,SB VALVE AND TRIM- IN CURRENT USE,,,,,,,,
,,,,,,,,,,
,,,,,,,,,,
,,,,,,,,,,
,7T3300-241.WH0854N,LEDGE CAP- WHITE ,,,,,,,,
,,,,,,,,,,
ONYX,7M1002-249.NA9999N,LEDGE CAP,,,,,,,,
,,,,,,,,,,
ONYX,7T2300-241.WH0660N,BRL BACKSHELF- ACT- 60 X 8 X 5/8,FG,,,,,,,
,,,,,,,,,,
,,,,,,,,,,
SUB_ProductID,OLD_ProductID,OLD_LongDescr,SUB_LongDescr,,,,,,,
TU353508.243,TU018508.243,TOWNSEND TUB MB,EDGEMERE TUB-MB ,,,,,,,
TU353508.295,TU018508.295,Townsend Tub BN,EDGEMERE TUB-BN,,,,,,,
TU018508.278,TU353508.278,Townsend Tub LB,EDGEMERE TUB-LB,,,,,,,
,,,,,,,,,,
USE HIGHLIGHTED DATED 12-5,,,,,,,,,,
,,,,,,,,,,
, ,,,,,,,,,
,,,,,,,,,,
,,,,,,,,,,
TRIMMABLE BASE,,Trimslate Bases require an additional 6 tubes of adhesive,,,,,,,,
SKU,Description,Drain Cover Type,Drain Cover Dimensions,Drain Location,Min Length,Max Length,Min Width,Max Width,Requires Additional SKU,Requires Additional SKU
7B5102-240.WH6032C,60x32 CENTER DRAIN TRIMMABLE WHITE,Stainless Steel Trench Drain,"4.25"" W x 25.5"" L",Center,"52""","60""","28""","34""",7B5201-240.WH0460N,7D1201-250.WH3005C
7B5100-240.WH6032L,60X32 END DRAIN TRIMMABLE WHITE,SMC Drain Cover,"4.625"" W x 7.75"" L",End,"52""","60""","28""","34""",7B5201-240.WH0460N,
7B5121-240.WH6736C,67X36 CENTER DRAIN TRIMMABLE WHITE,Stainless Steel Trench Drain,"4.25"" W x 25.5"" L",Center,"55""","67""","30""","38""",7B5204-240.WH0480N,7D1201-250.WH3005C
7B5124-240.WH6736N,67X36 END DRAIN TRIMMABLE WHITE,SMC Drain Cover,"4.625"" W x 7.75"" L",End,"55""","67""","30""","38""",7B5204-240.WH0480N,
7B5127-240.WH7236C,72X36 CENTER DRAIN TRIMMABLE WHITE,Stainless Steel Trench Drain,"4.25"" W x 25.5"" L",Center,"60""","72""","32""","38""",7B5204-240.WH0480N,7D1201-250.WH3005C
7B5130-240.WH7236N,72X36 END DRAIN TRIMMABLE WHITE,SMC Drain Cover,"4.625"" W x 7.75"" L",End,"60""","72""","32""","38""",7B5204-240.WH0480N,
7B5133-240.WH7940C,79X40 CENTER DRAIN TRIMMABLE WHITE,SMC Drain Cover,"4.625"" W x 7.75"" L",Center,"60""","80""","32""","43""",7B5204-240.WH0480N, 
7B5201-240.WH0460N,"60"" Threshold",,,,,,,,, 
7B5204-240.WH0480N,"80"" Threshold",,,,,,,,,
7B5136-240.WH5140C,51X40 CENTER DRAIN TRIMMABLE WHITE,7B5136-240.WH5140C,"4.625"" W x 7.75"" L ",Center ,"45""","52""","36""","43"" ",7B5201-240.WH0460N,
7B5138-240.WH6040C,60X40 CENTER DRAIN TRIMMABLE WHITE,7B5138-240.WH6040C,"4.625"" W x 7.75"" L",Center ,"52""","61""","36""","43""",7B5201-240.WH0460N,
7B5141-240.WH4836C,48X35-1/2 CNTR DRAIN TRIMMABLE WHITE,7B5141-240.WH4836C,"4.25"" W x 25.5"" L",Center ,"36""","49""","30""","38""",7B5201-240.WH0460N,
7B5143-240.WH6048C,60X48 CENTER DRAIN TRIMMABLE WHITE,7B5143-240.WH6048C,"4.25"" W x 25.5"" L",Center ,"54""","61""","44""","51""",7B5201-240.WH0460N,
7B5145-240.WH7248C,72X48 CENTER DRAIN TRIMMABLE WHITE,7B5145-240.WH7248C,"4.25"" W x 25.5"" L",Center ,"60""","73""","44""","51""",7B5204-240.WH0480N,
,,,,,,,,,,
,P41-0205 HW VALVE,,,,,,,,,
,P41-0204 CW VALVE,,,,,,,,,
,P41-0201 DIV VALVE ASSY,,,,,,,,,
,P41-0328 TUB FILLER,,,,,,,,,
,P41-0322 HAND SHWR HOSE ASSY,,,,,,,,,
,P41-0320 HAND SHOWER,,,,,,,,,
,P41-0338 HAND SHWR DECK MOUNT ASSY,,,,,,,,,
,,,,,,,,,,
,,,,,,,,,,
,,,,,,,,,,
,,,,,,,,,,
,,,,,,,,,,
,,,,,,,,,,
,,,,,,,,,,
,,,,,,,,,,
,,,,,,,,,,
,,,,,,,,,,
,,,,,,,,,,
,,,,,,,,,,
,,,,,,,,,,
,,,,,,,,,,
,,,,,,,,,,
,"Trimslate 60"" x 31 1/2"" LH",7B5100-240.WH6032L,,,,,,,,
,"60"" THRESHOLD  WHITE",7B5201-240.WH0460N,,,,,,,,
,,,,,,,,,,
,,,,,,,,,,
,,,,,,,,,,
,Additional Trimslate Sizes at Trumbull:,,,,,,,,,
,51 x 40 Center Drain,,,,,,,,,
,60 x 40 Center Drain,,,,,,,,,
,,,,,,,,,,
,,,,,,,,,,
,,,,,,,,,,
,7018201.002,"EDGEMERE 4"" CENTRSET CHROME",,,,,,,,
,7018201.295,"EDGEMERE 4"" CENTRSET BN",,,,,,,,
,7018201.243,"EDGEMERE 4"" CENTRSET MB",,,,,,,,
,,,,,,,,,,
,,,,,,,,,,
,,,,,,,,,,
,,,,,,,,,,
7353024.002,"Townsend 24"" Towel Bar",CH,American Standard,,,,,,,
7353024.295,"Townsend 24"" Towel Bar",BN,American Standard,,,,,,,
7353024.243,"Townsend 24"" Towel Bar",MB,American Standard,,,,,,,
7353190.002,Townsend Towel Ring,CH,American Standard,,,,,,,
7353190.295,Townsend Towel Ring,BN,American Standard,,,,,,,
7353190.243,Townsend Towel Ring,MB,American Standard,,,,,,,
7353210.002,Townsend Robe Hook,CH,American Standard,,,,,,,
7353210.295,Townsend Robe Hook,BN,American Standard,,,,,,,
7353210.243,Townsend Robe Hook,MB,American Standard,,,,,,,
7353230.002,Townsend Toilet Paper Holder,CH,American Standard,,,,,,,
7353230.295,Townsend Toilet Paper Holder,BN,American Standard,,,,,,,
7353230.243,Townsend Toilet Paper Holder,MB,American Standard,,,,,,,
7353801.002,Townsend Widespread Faucet,CH,American Standard,,,,,,,
7353801.295,Townsend Widespread Faucet,BN,American Standard,,,,,,,
7353801.243,Townsend Widespread Faucet,MB,American Standard,,,,,,,
7353101.002,Townsend Monoblock Faucet,CH,American Standard,,,,,,,
7353101.295,Townsend Monoblock Faucet,BN,American Standard,,,,,,,
7353101.243,Townsend Monoblock Faucet,MB,American Standard,,,,,,,
,,,,,,,,,,
,,MaxCost,,,,,,,,
,,,,,,,,,,
,,,,,,,,,,
7617024.002,"Glenmere 24"" Towel Bar",CH,American Standard,,,,,,,
7617024.295,"Glenmere 24"" Towel Bar",BN,American Standard,,,,,,,
7617024.243,"Glenmere 24"" Towel Bar",MB,American Standard,,,,,,,
7617190.002,Glenmere Towel Ring,CH,American Standard,,,,,,,
7617190.295,Glenmere Towel Ring,BN,American Standard,,,,,,,
7617190.243,Glenmere Towel Ring,MB,American Standard,,,,,,,
7617210.002,Glenmere Robe Hook,CH,American Standard,,,,,,,
7617210.295,Glenmere Robe Hook,BN,American Standard,,,,,,,
7617210.243,Glenmere Robe Hook,MB,American Standard,,,,,,,
7617230.002,Glenmere Toilet Paper Holder,CH,American Standard,,,,,,,
7617230.295,Glenmere Toilet Paper Holder,BN,American Standard,,,,,,,
7617230.243,Glenmere Toilet Paper Holder,MB,American Standard,,,,,,,
7617807.002,Glenmere Wide Spread Faucet,CH,American Standard,,,,,,,
7617807.295,Glenmere Wide Spread Faucet,BN,American Standard,,,,,,,
7617807.243,Glenmere Wide Spread Faucet,MB,American Standard,,,,,,,
7617107.002,Glenmere Monoblock Faucet,CH,American Standard,,,,,,,
7617107.295,Glenmere Monoblock Faucet,BN,American Standard,,,,,,,
7617107.243,Glenmere Monoblock Faucet,MB,American Standard,,,,,,,
,,,,,,,,,,
,,,,,,,,,,
,,,,,,,,,,
,,,,,,,,,,
,,Max Cost,,,,,,,,
,,,,,,,,,,
,,,,,,,,,,
7105024.002,"Studio 24"" Towel Bar",CH,American Standard,,,,,,,
7105024.295,"Studio 24"" Towel Bar",BN,American Standard,,,,,,,
7105024.243,"Studio 24"" Towel Bar",MB,American Standard,,,,,,,
7105190.002,Studio Towel Ring,CH,American Standard,,,,,,,
7105190.295,Studio Towel Ring,BN,American Standard,,,,,,,
7105190.243,Studio Towel Ring,MB,American Standard,,,,,,,
7105210.002,Studio Robe Hook,CH,American Standard,,,,,,,
7105210.295,Studio Robe Hook,BN,American Standard,,,,,,,
7105210.243,Studio Robe Hook,MB,American Standard,,,,,,,
7105230.002,Studio Toilet Paper Holder,CH,American Standard,,,,,,,
7105230.295,Studio Toilet Paper Holder,BN,American Standard,,,,,,,
7105230.243,Studio Toilet Paper Holder,MB,American Standard,,,,,,,
7105801.002,Studio Widespread Faucet,CH,American Standard,,,,,,,
7105801.295,Studio Widespread Faucet,BN,American Standard,,,,,,,
7105801.243,Studio Widespread Faucet,MB,American Standard,,,,,,,
7105121.002,Studio Monoblock Faucet,CH,American Standard,,,,,,,
7105121.295,Studio Monoblock Faucet,BN,American Standard,,,,,,,
7105121.243,Studio Monoblock Faucet,MB,American Standard,,,,,,,
,,,,,,,,,,
,Safety Package ,Part # ,Description ,,,,,,,
,,,L- Bars Chrome,,,,,,,
FG ,7R4004-250.CH0036,7R4004-250.CH0036,"L-SHAPED GRAB BAR 36"" CH",,,,,,,
FG ,7R4005-250.CH0048,7R4005-250.CH0048,"L-SHAPED GRAB BAR 48"" CH",,,,,,,
,,,,,,,,,,
,,,L- Bars Stainless Steel ,,,,,,,
FG ,7R4007-250.BN0036,7R4007-250.BN0036,"L-SHAPED GRAB BAR 36"" SS",,,,,,,
FG ,7R4008-250.BN0048,7R4008-250.BN0048,"L-SHAPED GRAB BAR 48"" SS",,,,,,,
,,,,,,,,,,
,,,L- Bars Matte Black ,,,,,,,
FG ,7R4010-250.MB0036,7R4010-250.MB0036,"L-SHAPED GRAB BAR 36"" MB",,,,,,,
FG ,7R4011-250.MB0048,7R4011-250.MB0048,"L-SHAPED GRAB BAR 48"" MB",,,,,,,
,,,,,,,,,,
,,,Padded Seats,,,,,,,
FG ,7S1300-250.WH1611,7S1300-250.WH1611,SEAT PAD SLIMLINE WH,,,,,,,
FG ,7S1301-250.BL1611,7S1301-250.BL1611,SEAT PAD SLIMLINE BL,,,,,,,
,,,,,,,,,,
,,,Slide Bar ,,,,,,,
FG ,1660774.002,1660774.002,SPECTRA SLIDE BAR KIT(1.8),,,,,,,
FG ,1660774.243,1660774.243,SPECTRA SLIDE BAR KIT(1.8),,,,,,,
FG ,1660774.295,1660774.295,SPECTRA SLIDE BAR KIT(1.8),,,,,,,
,,,,,,,,,,
,,,Rough- In ,,,,,,,
FG ,RU531,RU531,FLASH 2H W DIVERTER (3-WAY DISCRETE),,,,,,,
,,,,,,,,,,
,,,,,,,,,,
,,,Faucet Trim Kit - Townsend ,,,,,,,
FG ,TU353740.002,TU353740.002,TOWNSEND 2H PBV W DIVERTER TRIM,Chrome,,,,,,
FG ,1660509.002,1660509.002,TOWNSEND WATER SAVING SHOWERHEAD - 1.75G,,,,,,,
FG ,1660245.002,1660245.002,TOWNSEND SHOWER ARM AND FLANGE,,,,,,,
,,,,,,,,,,
FG ,TU353740.295,TU353740.295,TOWNSEND 2H PBV W DIVERTER TRIM,Brushed Nickel ,,,,,,
FG ,1660509.295,1660509.295,TOWNSEND WATER SAVING SHOWERHEAD - 1.75G,,,,,,,
FG ,1660245.295,1660245.295,TOWNSEND SHOWER ARM AND FLANGE,,,,,,,
,,,,,,,,,,
FG ,TU353740.243,TU353740.243,TOWNSEND 2H PBV W DIVERTER TRIM,Matte Black ,,,,,,
FG ,1660509.243,1660509.243,TOWNSEND WATER SAVING SHOWERHEAD - 1.75G,,,,,,,
FG ,1660245.243,1660245.243,TOWNSEND SHOWER ARM AND FLANGE,,,,,,,
,,,,,,,,,,
,,,,,,,,,,
,,,Faucet Trim Kit - Studio ,,,,,,,
FG ,TU105740.002,TU105740.002,STUDIO S 2H PBV W DIVERTER TRIM,Chrome,,,,,,
FG ,9038074.002,9038074.002,"7"" Spectra Showerhead CH",,,,,,,
FG ,1660240.002,1660240.002,"5"" Wall mount Showerhead arm",,,,,,,
,,,,,,,,,,
FG ,TU105740.243,TU105740.243,STUDIO S 2H PBV W DIVERTER TRIM,Matte Black ,,,,,,
FG ,9038074.243,9038074.243,"7"" Spectra Showerhead MB",,,,,,,
FG ,1660240.243,1660240.243,"5"" Wall mount Showerhead arm",,,,,,,
,,,,,,,,,,
FG ,TU105740.295,TU105740.295,STUDIO S 2H PBV W DIVERTER TRIM,Brushed Nickel ,,,,,,
FG ,9038074.295,9038074.295,"7"" Spectra Showerhead BN",,,,,,,
FG ,1660240.295,1660240.295,"5"" Wall mount Showerhead arm",,,,,,,
,,,,,,,,,,
,,,,,,,,,,
,,INSERT NEW PART NUMBERS BELOW ,,,,,,,,
,,,,,,,,,,
,,,,,,,,,,
,,,,,,,,,,
,,,,,,,,,,
,,,,,,,,,,
,,,,,,,,,,
,,,,,,,,,,
,,,,,,,,,,
,,,,,,,,,,
,,,,,,,,,,
,,,,,,,,,,
,,,,,,,,,,
7B5201-240.WH0460N,"60"" Threshold",,,,,,,,,
7B5141-240.WH4836C,48X35-1/2 CNTR DRAIN TRIMMABLE WHITE,7B5141-240.WH4836C,,,,,,,,
