source,colA,colC,colB
DOC_CA_PSKUs,,24in - Townsend - MB,
DOC_CA_PSKUs,,2nd Home Service Call,
DOC_CA_PSKUs,,Acrylic - Linen,
DOC_CA_PSKUs,,Acrylic - Roman Stone,
DOC_CA_PSKUs,,Acrylic - Silver Vein,
DOC_CA_PSKUs,,Acrylic - Vienna Mist,
DOC_CA_PSKUs,,Acrylic - White,
DOC_CA_PSKUs,,Additional Tub Extension Kit,
DOC_CA_PSKUs,,"Back Wall Shelf For Over 34"" Tub",
DOC_CA_PSKUs,,"Backsplash For Garden Tubs (Approx. 12"" High)",
DOC_CA_PSKUs,,Bidet Seat With GCFI Next to Toilet (Second Bidet),
DOC_CA_PSKUs,,Build Full Wall,
DOC_CA_PSKUs,,Build Pony Wall,
DOC_CA_PSKUs,,"Conduit - Exterior Panels, Condos w/No Attic/Crawlspace Access",
DOC_CA_PSKUs,,Custom 48in,
DOC_CA_PSKUs,,Custom A 30in 30X8,
DOC_CA_PSKUs,,Custom A 60in 30X8,
DOC_CA_PSKUs,,Custom B 60in 15X4,
DOC_CA_PSKUs,,Custom SS with Ramp,
DOC_CA_PSKUs,,"Electrical Panel Upgrade (Federal Pacific Stab Lok, Zinsco, GTE/Sylvania or Push Matic)",
DOC_CA_PSKUs,,"Enlarging Bathroom Door (Including 32"" Door and Frame)",
DOC_CA_PSKUs,,Furr Out Wall,
DOC_CA_PSKUs,,INCLUDED in Contract Price,
DOC_CA_PSKUs,,Installation,
DOC_CA_PSKUs,,Large Tile Repair,
DOC_CA_PSKUs,,Linen,
DOC_CA_PSKUs,,Mid-Size Tile Repair 11-24 sq. ft. (Customer To Furnish Tile),
DOC_CA_PSKUs,,Misc Additional Work,
DOC_CA_PSKUs,,NOT Included in Contract Price,
DOC_CA_PSKUs,,New Sub Panel,
DOC_CA_PSKUs,,New/Upgraded Electrical Service with Meter (Fuse Box),
DOC_CA_PSKUs,,Paint Ready Full Wall,
DOC_CA_PSKUs,,Project Notes,
DOC_CA_PSKUs,,Relocate Drain and/or Plumbing,
DOC_CA_PSKUs,,"Relocate Existing Electrical Switch, Outlet or Light",
DOC_CA_PSKUs,,Remove & Reinstall 3rd Door,
DOC_CA_PSKUs,,Remove and Reinstall Door and Frame,
DOC_CA_PSKUs,,Remove and Replace Existing Toilet,
DOC_CA_PSKUs,,Remove and Replace Vanity w/New or Same (Customer Provided),
DOC_CA_PSKUs,,Reverse Plumbing/Relocate Drain,
DOC_CA_PSKUs,,Roman Stone,
DOC_CA_PSKUs,,Safety Packager,
DOC_CA_PSKUs,,Shower Curtain and Rod,
DOC_CA_PSKUs,,Shower Depth,
DOC_CA_PSKUs,,Silver Vein,
DOC_CA_PSKUs,,Solid Surface - White Reef,
DOC_CA_PSKUs,,Solid Surface Back Shelf,
DOC_CA_PSKUs,,Spectra Plus Duo Legacy Bronze,
DOC_CA_PSKUs,,Spectra Plus Duo Matte Black,
DOC_CA_PSKUs,,Spectra Plus Duo Polished Chrome,
DOC_CA_PSKUs,,Spectra Versa Brushed Nickel,
DOC_CA_PSKUs,,Spectra Versa Legacy Bronze,
DOC_CA_PSKUs,,Spectra Versa Matte Black,
DOC_CA_PSKUs,,Spectra Versa Polished Chrome,
DOC_CA_PSKUs,,Standard Package,
DOC_CA_PSKUs,,Studio Oil Rubbed Bronze,
DOC_CA_PSKUs,,Studio Stainless Steel,
DOC_CA_PSKUs,,Sub Floor Repair,
DOC_CA_PSKUs,,Threshold Width,
DOC_CA_PSKUs,,Tile Repair,
DOC_CA_PSKUs,,Travel to Install 120+ Miles,
DOC_CA_PSKUs,1029070000,Spectra Versa Polished Chrome,
DOC_CA_PSKUs,1029070000,Spectra Versa Polished Chrome Tub,
DOC_CA_PSKUs,1029072430,Spectra Versa Matte Black,
DOC_CA_PSKUs,1029072430,Spectra Versa Matte Black Tub,
DOC_CA_PSKUs,1029072780,Spectra Versa Legacy Bronze,
DOC_CA_PSKUs,1029072780,Spectra Versa Legacy Bronze Tub,
DOC_CA_PSKUs,1029072950,Spectra Versa Brushed Nickel,
DOC_CA_PSKUs,1029072950,Spectra Versa Brushed Nickel Tub,
DOC_CA_PSKUs,1053430A00,Ultra-Low Wide Beige,
DOC_CA_PSKUs,1053440A00,Deep Step Extra-Wide Beige,
DOC_CA_PSKUs,1053450A00,Deep Step Wide Beige,
DOC_CA_PSKUs,1053460A00,Wide Beige,
DOC_CA_PSKUs,1053670200,Medium White,
DOC_CA_PSKUs,1053680A00,Combo Wide Beige,
DOC_CA_PSKUs,1053690200,Wide White a,
DOC_CA_PSKUs,1053700200,Wide White,
DOC_CA_PSKUs,1053710200,Deep Step Extra Wide White,
DOC_CA_PSKUs,1053720200,Ultra-Low Wide White,
DOC_CA_PSKUs,1053730200,Narrow White,
DOC_CA_PSKUs,1053740200,Combo Wide White,
DOC_CA_PSKUs,1053750A00,Narrow Beige,
DOC_CA_PSKUs,1053760A00,Medium Beige,
DOC_CA_PSKUs,2390202.02,Princeton Americast 6030 LH White,
DOC_CA_PSKUs,2390202.222,Princeton Americast 6030 LH Linen,
DOC_CA_PSKUs,2391202.02,Princeton Americast 6030 RH White,
DOC_CA_PSKUs,2391202.222,Princeton Americast 6030 RH Linen,
DOC_CA_PSKUs,2460002.02,Cambridge Americast 6032 LH White,
DOC_CA_PSKUs,2460002.222,Cambridge Americast 6032 LH Linen,
DOC_CA_PSKUs,2461002.02,Cambridge Americast 6032 RH White,
DOC_CA_PSKUs,2461002.222,Cambridge Americast 6032 RH Linen,
DOC_CA_PSKUs,2848.D09.CLL,2848.D09.CLL,
DOC_CA_PSKUs,2848.D09.CLW,2848.D0A.CLW,
DOC_CA_PSKUs,2848.D09.CRL,2848.D09.CRL,
DOC_CA_PSKUs,2848.D09.CRW,2848.D09.CRW,
DOC_CA_PSKUs,2848.D1A.CLL,2848.D1A.CLL,
DOC_CA_PSKUs,2848.D1A.CLW,2848.D1A.CLW,
DOC_CA_PSKUs,2848.D1A.CRL,2848.D1A.CRL,
DOC_CA_PSKUs,2848.D1A.CRW,2848.D1A.CRW,
DOC_CA_PSKUs,2848.D1B.SLW,2848.D1B.SLW,
DOC_CA_PSKUs,2848.D1B.SRW,2848.D1B.SRW,
DOC_CA_PSKUs,3051.D1A.CLL,3051.D1A.CLL,
DOC_CA_PSKUs,3051.D1A.CLW,3051.D1A.CLW,
DOC_CA_PSKUs,3051.D1A.CRL,3051.D1A.CRL,
DOC_CA_PSKUs,3051.D1A.CRW,3051.D1A.CRW,
DOC_CA_PSKUs,3051.D1B.SLL,3051.D1B.SLL,
DOC_CA_PSKUs,3051.D1B.SLW,3051.D1B.SLW,
DOC_CA_PSKUs,3051.D1B.SRW,3051.D1B.SRW,
DOC_CA_PSKUs,3052.D09.CLL,3052.109.CLL,
DOC_CA_PSKUs,3052.D09.CLW,3052.109.CLW,
DOC_CA_PSKUs,3052.D09.CRL,3052.109.CRL,
DOC_CA_PSKUs,3052.D09.CRW,3052.109.CRW,
DOC_CA_PSKUs,3052OD.D09.CLW-PC,3052OD.D09.CLW-PC,
DOC_CA_PSKUs,3052OD.D09.CRL-PC,3052OD.D09.CRL-PC,
DOC_CA_PSKUs,3052OD.D09.CRW-PC,3052OD.D09.CRW-PC,
DOC_CA_PSKUs,3052OD.D09.SLW-PC,3052 D1A CRW.222,
DOC_CA_PSKUs,3052OD.D0A.CLL,3052OD.D0A.CLL,
DOC_CA_PSKUs,3052OD.D0A.CLW,3052OD.D0A.CLW,
DOC_CA_PSKUs,3052OD.D0A.CRL,3052OD.D0A.CRL,
DOC_CA_PSKUs,3052OD.D0A.CRW,3052OD.D0A.CRW,
DOC_CA_PSKUs,3252OD.D09.CLL,3252OD.D0A.CLL,
DOC_CA_PSKUs,3252OD.D09.CLW,3252OD.D0A.CLW,
DOC_CA_PSKUs,3252OD.D09.CRL,3252OD.D0A.CRL,
DOC_CA_PSKUs,3252OD.D09.CRW,3252OD.D0A.CRW,
DOC_CA_PSKUs,3252OD.D09.SRW-PC,3252OD 709 CRW.222,
DOC_CA_PSKUs,3252OD.D0A.CLL,3252OD.D09.CLL-PC,
DOC_CA_PSKUs,3252OD.D0A.CLW,3252OD.D09.CLW-PC,
DOC_CA_PSKUs,3252OD.D0A.CRL,3252OD.D09.CRL-PC,
DOC_CA_PSKUs,3252OD.D0A.CRW,3252OD.D09.CRW-PC,
DOC_CA_PSKUs,3260.D1A.CLL,3260.D1A.CLL,
DOC_CA_PSKUs,3260.D1A.CLW,3260.D1A.CLW,
DOC_CA_PSKUs,3260.D1A.CRL,3260.D1A.CRL,
DOC_CA_PSKUs,3260.D1A.CRW,3260.D1A.CRW,
DOC_CA_PSKUs,3260.D1B.CRW,3052.D09.CRW,
DOC_CA_PSKUs,3260.D1B.SLW,3260.D1B.SLW,
DOC_CA_PSKUs,3478128ST.020,White Toilet,
DOC_CA_PSKUs,3478128ST.222,Linen Toilet,
DOC_CA_PSKUs,7018201.002,Edgemere® 4-Inch Centerset Faucet,
DOC_CA_PSKUs,7018201.243,Edgemere® 4-Inch Centerset Faucet MB,
DOC_CA_PSKUs,7018201.295,Edgemere® 4-Inch Centerset Faucet BN,
DOC_CA_PSKUs,7105024.002,Studio Towel Bar Chrome,
DOC_CA_PSKUs,7105024.243,Studio Towel Bar Matte Black,
DOC_CA_PSKUs,7105024.295,Studio Towel Bar Brushed Nickel,
DOC_CA_PSKUs,7105121.002,Studio Monoblock Faucet,
DOC_CA_PSKUs,7105121.243,Studio Monoblock Faucet MB,
DOC_CA_PSKUs,7105121.295,Studio Monoblock Faucet BN,
DOC_CA_PSKUs,7105190.002,Studio S Towel Ring Chrome,
DOC_CA_PSKUs,7105190.243,Studio Towel Ring MB,
DOC_CA_PSKUs,7105190.295,Studio Towel Ring Brushed Nickel,
DOC_CA_PSKUs,7105210.002,Studio Robe Hook Chrome,
DOC_CA_PSKUs,7105210.243,Studio Robe Hook MB,
DOC_CA_PSKUs,7105210.295,Studio Robe Hook Brushed Nickel,
DOC_CA_PSKUs,7105230.002,Studio Toilet Paper Holder Chrome,
DOC_CA_PSKUs,7105230.243,Studio Toilet Paper Holder MB,
DOC_CA_PSKUs,7105230.295,Studio Toilet Paper Holder BN,
DOC_CA_PSKUs,7105801.002,Studio S 8-Inch Widspread Faucet CH,
DOC_CA_PSKUs,7105801.243,Studio S 8-inch Widespread MB,
DOC_CA_PSKUs,7105801.295,Studio S 8-Inch Widespread Faucet,
DOC_CA_PSKUs,7353024.002,Townsend Towel Bar Chrome,
DOC_CA_PSKUs,7353024.243,Townsend Towel Bar MB,
DOC_CA_PSKUs,7353024.295,Townsend Towel Bar BN,
DOC_CA_PSKUs,7353101.002,Townsend Single hole Faucet CH,
DOC_CA_PSKUs,7353101.243,Townsend Single Hole Faucet MB,
DOC_CA_PSKUs,7353101.295,Townsend Single Hole Faucet BN,
DOC_CA_PSKUs,7353190.002,Townsend Towel Ring CH,
DOC_CA_PSKUs,7353190.243,Townsend Towel Ring MB,
DOC_CA_PSKUs,7353190.295,Townsend Towel Ring BN,
DOC_CA_PSKUs,7353210.002,Townsend Robe Hook CH,
DOC_CA_PSKUs,7353210.243,Townsend Robe Hook MB,
DOC_CA_PSKUs,7353210.295,Townsend Robe Hook BN,
DOC_CA_PSKUs,7353230.002,Townsend Toilet Paper Holder CH,
DOC_CA_PSKUs,7353230.243,Townsend Toilet Paper Holder MB,
DOC_CA_PSKUs,7353230.295,Townsend Toilet Paper Holder BN,
DOC_CA_PSKUs,7353801.002,Townsend 8-inch Widspread CH,
DOC_CA_PSKUs,7353801.243,Townsend 8-inch Widespread MB,
DOC_CA_PSKUs,7353801.295,Townsend 8-inch Widespread BN,
DOC_CA_PSKUs,7617024.002,Glenmere Towel Bar CH,
DOC_CA_PSKUs,7617024.243,Glenmere Towel Bar MB,
DOC_CA_PSKUs,7617024.295,Glenmere Towel Bar BN,
DOC_CA_PSKUs,7617107.002,Glenmere Single Hole CH,
DOC_CA_PSKUs,7617107.243,Glenmere Single Hole MB,
DOC_CA_PSKUs,7617107.295,Glenmere Single Hole BN,
DOC_CA_PSKUs,7617190.002,Glenmere Towel Ring CH,
DOC_CA_PSKUs,7617190.243,Glenmere Towel Rin MB,
DOC_CA_PSKUs,7617190.295,Glenmere Towel Ring BN,
DOC_CA_PSKUs,7617210.002,Glenmere Robe Hook CH,
DOC_CA_PSKUs,7617210.243,Glenmere Robe Hook MB,
DOC_CA_PSKUs,7617210.295,Glenmere Robe Hook BN,
DOC_CA_PSKUs,7617230.002,Glenmere Toilet Paper Holder CH,
DOC_CA_PSKUs,7617230.243,Glenmere Toilet Paper Holder MB,
DOC_CA_PSKUs,7617230.295,Glenmere Toilet Paper Holder BN,
DOC_CA_PSKUs,7617807.002,Glenmere Widespread CH,
DOC_CA_PSKUs,7617807.243,Glenmere Widespread MB,
DOC_CA_PSKUs,7617807.295,Glenmere Widespread BN,
DOC_CA_PSKUs,7B2100-949.NA0000N,Custom Solid Surface Shower Base,
DOC_CA_PSKUs,7B4048-240.WH6036C,60 x 36 Shower Base Center Drain White,
DOC_CA_PSKUs,7B4051-240.GR6036C,60 x 36 Shower Base Center Drain Grey,
DOC_CA_PSKUs,7B4052-240.WH4832C,48 x 32 - Shower Base Center Drain - White,
DOC_CA_PSKUs,7B4054-240.CE4832C,48 x 32 - Center - Linen,
DOC_CA_PSKUs,7B4055-240.GR4832C,48 x 32 Shower Base Center Drain Grey,
DOC_CA_PSKUs,7B4056-240.WH4836C,48 x 36 Shower Base Center Drain White,
DOC_CA_PSKUs,7B4058-240.CE4836C,48 x 36 Shower Base Center Drain Linen,
DOC_CA_PSKUs,7B4059-240.GR4836C,48 x 36 Shower Base Center Drain Grey,
DOC_CA_PSKUs,7B4060-240.WH4834C,48 x 34 Ultra Low Base Center Drain White,
DOC_CA_PSKUs,7B4063-240.WH3636C,36 x 36 Ultra Low Base Center Drain White,
DOC_CA_PSKUs,7B4066-240.WH6032C,60 x 32 Shower Base Center Drain White,
DOC_CA_PSKUs,7B4070-240.LN3636C,36 x 36 Ultra Low Base Center Drain Biscuit,
DOC_CA_PSKUs,7B4071-240.LN4834C,48 x 34 Ultra Low Base Center Drain Biscuit,
DOC_CA_PSKUs,7B4072-240.LN6030R,60 x 30 x 2.6 Ultra Low Bases RH Biscuit,
DOC_CA_PSKUs,7B4073-240.LN6030L,60 x 30 x 2.6 Ultra Low Bases LH Biscuit,
DOC_CA_PSKUs,7B4074-240.LN6032R,60 x 32 x 2.6 Ultra Low Bases RH Biscuit,
DOC_CA_PSKUs,7B4075-240.LN6032L,60 x 32 x 2.6 Ultra Low Bases LH Biscuit,
DOC_CA_PSKUs,7B4076-240.LN6036C,60 x 36 Shower Base Center Drain Linen,
DOC_CA_PSKUs,7B5000-240.WH6030L,60 x 30 x 2.6 Ultra Low Bases LH White,
DOC_CA_PSKUs,7B5002-240.GR6030L,60 x 30 x 2.6 Ultra Low Bases LH Grey,
DOC_CA_PSKUs,7B5003-240.WH6030R,60 x 30 x 2.6 Ultra Low Bases RH White,
DOC_CA_PSKUs,7B5006-240.WH6032L,60 x 32 x 2.6 Ultra Low Bases LH White,
DOC_CA_PSKUs,7B5008-240.GR6032L,60 x 32 x 2.6 Ultra Low Bases LH Grey,
DOC_CA_PSKUs,7B5009-240.WH6032R,60 x 32 x 2.6 Ultra Low Bases RH White,
DOC_CA_PSKUs,7B5011-240.GR6032R,60 x 32 x 2.6 Ultra Low Bases RH Grey,
DOC_CA_PSKUs,7B5013-240.GL3636C,36 x 36 Ultra Low Base Center Drain Grey,
DOC_CA_PSKUs,7B5022-240.GL4834C,48 x 34 Ultra Low Base Center Drain Grey,
DOC_CA_PSKUs,7B6000-240.LN3636C,"36"" NEO Shower Base Linen",
DOC_CA_PSKUs,7B6001-221.LN3838C,"36"" NEO Shower Base",
DOC_CA_PSKUs,7B6003-221.LN4242C,"42"" NEO Shower Base Linen",
DOC_CA_PSKUs,7B6004-221.WH3636C,"36"" NEO Shower Base White",
DOC_CA_PSKUs,7B6005-221.WH3838C,"38"" NEO",
DOC_CA_PSKUs,7B6007-221.WH4242C,"42"" NEO",
DOC_CA_PSKUs,7C0006-220.TS0110N,Acrylic - Tibur Stone,
DOC_CA_PSKUs,7C0100-250.CH1012N,Wire Shelf - CH,
DOC_CA_PSKUs,7C0100-250.CH1408N,Teak Shelf - CH,
DOC_CA_PSKUs,7C0101-250.BN1012N,Wire Shelf - BN,
DOC_CA_PSKUs,7C0102-250.MB1408N,Teak Shelf - MB,
DOC_CA_PSKUs,7C0103-250.MB1012N,Wire Shelf - MB,
DOC_CA_PSKUs,7C3000-220.WH0705N,White,
DOC_CA_PSKUs,7C3003-220.RS0705N,Roman Stone,
DOC_CA_PSKUs,7C3004-220.LN0705N,Linen,
DOC_CA_PSKUs,7C3005-220.SV0705N,Silver Vein,
DOC_CA_PSKUs,7C3008-220.VM0705N,Vienna Mist,
DOC_CA_PSKUs,7C4100-250.CH1804N,Teak Shampoo Shelf CH,
DOC_CA_PSKUs,7C4101-250.BN1804N,Teak Shampoo Shelf BN,
DOC_CA_PSKUs,7C4102-250.MB1804N,Teak Shampoo Shelf MB,
DOC_CA_PSKUs,7C5003-250.SS1414N,Storage Pod 14 x 14 SS,
DOC_CA_PSKUs,7C5037-250.MB1414N,Storage Pod 14 x 14 MB,
DOC_CA_PSKUs,7C6000-240.WH0710N,Solid Surface - White,
DOC_CA_PSKUs,7C6001-240.CE0710N,Solid Surface - Linen,
DOC_CA_PSKUs,7G0110-250.CH6065N,60in - Tub - Celesta Tub Door 60x65 - CH - LH,
DOC_CA_PSKUs,7G0111-250.BN6065N,60in - Tub - Celesta Tub Door 60x65 - BN - RH,
DOC_CA_PSKUs,7G0112-250.MB6065N,60in - Tub - Celesta Tub Door 60x65 - MB - LH,
DOC_CA_PSKUs,7G0114-250.CH6065N,60in - Tub - Silk Celesta Tub Door 60x65 - CH - LH,
DOC_CA_PSKUs,7G0115-250.BN6065N,60in - Tub - Silk Celesta Tub Door 60x65 - BN - LH,
DOC_CA_PSKUs,7G0116-250.MB6065N,60in - Tub - Silk Celesta Tub Door 60x65 - MB - LH,
DOC_CA_PSKUs,7G1110-250.CH3276N,"32"" Pivot Door Chrome",
DOC_CA_PSKUs,7G1111-250.BN3276N,"32"" Pivot Door Brushed Nickel",
DOC_CA_PSKUs,7G1112-250.MB3276N,"32"" Pivot Door Matte Black",
DOC_CA_PSKUs,7G1116-250.CH4276N,"42"" Pivot Door Chrome",
DOC_CA_PSKUs,7G1117-250.BN4276N,"42"" Pivot Door Brushed Nickel",
DOC_CA_PSKUs,7G1118-250.MB4276N,"42"" Pivot Door Matte Black",
DOC_CA_PSKUs,7G1300-250.CH6076N,60in - Shower - Celesta Bypass Shower 60x76 - CH,
DOC_CA_PSKUs,7G1301-250.BN6076N,60in - Shower - Celesta Bypass Shower 60x76 - BN,
DOC_CA_PSKUs,7G1303-250.MB6076N,60in - Shower - Celesta Bypass Shower 60x76 - MB,
DOC_CA_PSKUs,7G1304-250.CH4876N,48in - Shower - Celesta Bypass Shower 48x76 - CH,
DOC_CA_PSKUs,7G1305-250.BN4876N,48in - Shower - Celesta Bypass Shower 48x76 - BN,
DOC_CA_PSKUs,7G1307-250.MB4876N,48in - Shower - Celesta Bypass Shower 48x76 - MB,
DOC_CA_PSKUs,7G1309-250.CH6076N,60in - Shower - Silk Celesta Bypass Shower 60x76 - CH,
DOC_CA_PSKUs,7G1310-250.CH6076N,60in - Shower - Silk Celesta Bypass Shower 60x76 - BN,
DOC_CA_PSKUs,7G1311-250.MB6076N,60in - Shower - Silk Celesta Bypass Shower 60x76 - MB,
DOC_CA_PSKUs,7G1313-250.CH4876N,48in - Shower - Silk Celesta Bypass Shower 48x76 - CH,
DOC_CA_PSKUs,7G1314-250.BN4876N,48in - Shower - Silk Celesta Bypass Shower 48x76 - BN,
DOC_CA_PSKUs,7G1315-250.MB4876N,48in - Shower - Silk Celesta Bypass Shower 48x76 - MB,
DOC_CA_PSKUs,7G2100-250.CH6076N,60in - Shower - Rotolo 60x76 - CH,
DOC_CA_PSKUs,7G2101-250.BN6076N,60in - Shower - Rotolo 60x76 - BN,
DOC_CA_PSKUs,7G2102-250.MB6076N,60in - Shower - Rotolo 60x76 - MB,
DOC_CA_PSKUs,7G2103-250.CH4876N,48in - Shower - Rotolo 48x76 - CH,
DOC_CA_PSKUs,7G2104-250.BN4876N,48in - Shower - Rotolo 48x76 - BN,
DOC_CA_PSKUs,7G2105-250.MB4876N,48in - Shower - Rotolo 48x76 - MB,
DOC_CA_PSKUs,7G2202-250.MB6076N,60in - Shower - Rotolo Grid Glass 60x76 - MB,
DOC_CA_PSKUs,7G2205-250.MB4876N,48in - Shower - Rotolo Grid Glass 48x76 - MB,
DOC_CA_PSKUs,7G2600-290.CH5476N,"54"" Barn Bypass Door CH",
DOC_CA_PSKUs,7G2600-290.CH5476N,60in - Shower - Rotolo 54x52-56 - CH,
DOC_CA_PSKUs,7G2601-290.BN5476N,"54"" Barn Bypass Door BN",
DOC_CA_PSKUs,7G2601-290.BN5476N,60in - Shower - Rotolo 54x52-56 - BN,
DOC_CA_PSKUs,7G2602-290.MB5476N,"54"" Barn Bypass Door MB",
DOC_CA_PSKUs,7G2602-290.MB5476N,60in - Shower - Rotolo 54x52-56 - MB,
DOC_CA_PSKUs,7G3100-299.CH6676N,"Custom Shower Door 66""",
DOC_CA_PSKUs,7G3101-299.BN6676N,"Custom Barn Door 66"" BN",
DOC_CA_PSKUs,7G3102-299.CH6676N,"Custom Barn Door 66"" MB",
DOC_CA_PSKUs,7G3103-299.MB7276N,"Custom Barn Door 72"" MB",
DOC_CA_PSKUs,7G3104-299.BN7276N,"Custom Barn Door 72"" BN",
DOC_CA_PSKUs,7G3105-299.CH7276N,"Custom Barn Door 72"" CH",
DOC_CA_PSKUs,7G6200-250.CH3676N,"36"" NEO Shower Door Chrome",
DOC_CA_PSKUs,7G6201-250.BN3676N,"36"" NEO Shower Door Brushed Nickel",
DOC_CA_PSKUs,7G6202-250.MB3676N,"36"" NEO Shower Door Matte Black",
DOC_CA_PSKUs,7G6203-250.CH3876N,"38"" NEO Shower Door Chrome",
DOC_CA_PSKUs,7G6204-250.BN3876N,"38"" NEO Shower Door Brushed Nickel",
DOC_CA_PSKUs,7G6205-250.MB3876N,"38"" NEO Shower Door Matte Black",
DOC_CA_PSKUs,7G6206-250.CH4276N,"42"" NEO Shower Door Chrome",
DOC_CA_PSKUs,7G6207-250.BN4276N,"42"" NEO Shower Door Brushed Nickel",
DOC_CA_PSKUs,7G6208-250.MB4276N,"42"" NEO Shower Door Matte Black",
DOC_CA_PSKUs,7R1010-250.CH0024N,24in - Townsend - CH,
DOC_CA_PSKUs,7R1011-250.BN0024N,24in - Townsend - BN,
DOC_CA_PSKUs,7R2008-250.CH0024N,24in - Studio - CH,
DOC_CA_PSKUs,7R2009-250.BN0024N,24in - Studio - BN,
DOC_CA_PSKUs,7R2010-250.MB0024N,24in - Studio - MB,
DOC_CA_PSKUs,7S0001-220.WH2231N,White,
DOC_CA_PSKUs,7S0110-240.GG3015N,Grey Garden,
DOC_CA_PSKUs,7S0111-240.WR3015N,White Reef,
DOC_CA_PSKUs,7S0113-240.CM3015N,Camden,
DOC_CA_PSKUs,7S0114-240.SR3015N,Serenade,
DOC_CA_PSKUs,7S0115-240.TO3015N,Thunder Oak,
DOC_CA_PSKUs,7S1204-250.WH1820N,Slimline White,
DOC_CA_PSKUs,7S1212-250.BL1820N,Slimline Black,
DOC_CA_PSKUs,7S1213-250.TK1820N,Slimline BN Teak,
DOC_CA_PSKUs,7S1220-250.CH1820N,Slimline Seat Chrome Real Teak,
DOC_CA_PSKUs,7S1220-250.CH1820N,Teak Slimline Seat CH,
DOC_CA_PSKUs,7S1221-250.MB1820N,Slimline Seat Matte Black Real Teak,
DOC_CA_PSKUs,7S1221-250.MB1820N,Teak Slimline Seat MB,
DOC_CA_PSKUs,7S1222-250.CH1820N,Comfort Plus Seat Chrome Real Teak,
DOC_CA_PSKUs,7S1222-250.CH1820N,Teak Comfort Plus Seat CH,
DOC_CA_PSKUs,7S1223-250.MB1820N,Comfort Plus Seat Matte Black Real Teak,
DOC_CA_PSKUs,7S1223-250.MB1820N,Teak Comfort Plus Seat MB,
DOC_CA_PSKUs,7S1300-250.WH1611,Seat Pad White,
DOC_CA_PSKUs,7S1301-250.BL1611,Seat Pad Black,
DOC_CA_PSKUs,7S1301-250.TK2716N,Comfort Plus BN Teak,
DOC_CA_PSKUs,7S1302-250.BL2716N,Comfort Plus Black,
DOC_CA_PSKUs,7T0005-220.WH0398N,Edge Trim Arctic White,
DOC_CA_PSKUs,7T0006-220.LN0398N,Edge Trim Linen,
DOC_CA_PSKUs,7T0009-220.RS0398N,Edge Trim Roman Stone,
DOC_CA_PSKUs,7T0010-220.SV0398N,Edge Trim Silver Vein,
DOC_CA_PSKUs,7T0011-220.TS0398N,Edge Trim Tibur Stone,
DOC_CA_PSKUs,7T0013-220.VM0398N,Edge Trim Vienna Mist,
DOC_CA_PSKUs,7T3000-320.WH0255N,White (Acrylic),
DOC_CA_PSKUs,7T3003-320.RS0255N,Roman Stone 12 x 18 (Acrylic),
DOC_CA_PSKUs,7T3003-320.RS0255N,Roman Stone 24 x 12 (Acrylic),
DOC_CA_PSKUs,7T3004-320.LN0255N,Linen (Acrylic),
DOC_CA_PSKUs,7T3005-320.SV0255N,Silver Vein (Acrylic),
DOC_CA_PSKUs,7T3006-320.TS0255N,Tibur Stone (Acrylic),
DOC_CA_PSKUs,7T3008-320.VM0255N,Vienna Mist (Acrylic),
DOC_CA_PSKUs,7T3201-240.CE4848N,Linen 12 x 18 Linen,
DOC_CA_PSKUs,7T3201-240.CE4848N,Linen 24 x 12 Linen,
DOC_CA_PSKUs,7T3202-240.GG4848N,Grey Beach,
DOC_CA_PSKUs,7T3203-240.WR4848N,White Reef,
DOC_CA_PSKUs,7T3302-301.ES0854N,Empire Stone 12x18,
DOC_CA_PSKUs,7T3302-301.ES0854N,Empire Stone 24x12,
DOC_CA_PSKUs,7T3303-301.CO0854N,Colosseum 12x18,
DOC_CA_PSKUs,7T3303-301.CO0854N,Colosseum 24x12,
DOC_CA_PSKUs,7T3304-301.PM0854N,Pisa Marble 12x18,
DOC_CA_PSKUs,7T3304-301.PM0854N,Pisa Marble 24x12,
DOC_CA_PSKUs,7T3305-301.MH0854N,Mining House 12x18,
DOC_CA_PSKUs,7T3305-301.MH0854N,Mining House 24x12,
DOC_CA_PSKUs,7U0006-220.TS4762N,Tibur Stone,
DOC_CA_PSKUs,7W0000-221.WH3898N,White 1 Moment Flat,
DOC_CA_PSKUs,7W0001-221.LN3898N,Linen 1 Moment Flat,
DOC_CA_PSKUs,7W0004-221.RS3898N,Roman Stone 1 American Standard Flat,
DOC_CA_PSKUs,7W0005-221.SV3898N,Silver Vein 1 American Standard Flat,
DOC_CA_PSKUs,7W0006-221.TS3898N,Tibur Stone 1 American Standard Flat,
DOC_CA_PSKUs,7W0008-221.VM3898N,Vienna Mist 1 American Standard Flat,
DOC_CA_PSKUs,7W0016-221.VM6298C,Vienna Mist 1 American Standard Flat,
DOC_CA_PSKUs,7W0038-221.WH6298N,VALUE SERIES WHITE ACRYLIC,
DOC_CA_PSKUs,7W0038-221.WH6298N,White 1 Moment Flat,
DOC_CA_PSKUs,7W0051-221.LN6298C,Linen 1 Moment Flat,
DOC_CA_PSKUs,7W0051-221.LN6298C,"VALUE SERIES LINEN ACRYLIC 48""",
DOC_CA_PSKUs,7W0100-WH4567,White 1 Moment Flat WIT,
DOC_CA_PSKUs,7W0101-LN4567,Linen 1 Moment Flat WIT,
DOC_CA_PSKUs,7W0103-GM4860,Grey Marble 1 Moment Slab WIT,
DOC_CA_PSKUs,7W0204-321.SV6096N,Silver Vein 1 American Standard Flat,
DOC_CA_PSKUs,7W2000-235.WH3898N,White 1 American Standard 10X4,
DOC_CA_PSKUs,7W2002-235.TS3898N,Tibur Stone 1 American Standard 10X4,
DOC_CA_PSKUs,7W2003-235.TS6298C,Tibur Stone 1 American Standard 10X4,
DOC_CA_PSKUs,7W2012-221.TS6096N,Tibur Stone 1 American Standard 12x12,
DOC_CA_PSKUs,7W2013-221.TS3696N,Tibur Stone 1 American Standard 12x12,
DOC_CA_PSKUs,7W2014-TS6048,Tibur Stone 1 American Standard 12x12 WIT,
DOC_CA_PSKUs,7W4101-245.GB3696N,Solid Surface - Subway - Grey Garden,
DOC_CA_PSKUs,7W4102-245.GB4896N,Solid Surface - Subway - Grey Garden,
DOC_CA_PSKUs,7W4103-345.WV6096N,White Venito 1 American Standard 10X4 1,
DOC_CA_PSKUs,7W4104-245.WV3696N,White Venito 1 American Standard 10X4,
DOC_CA_PSKUs,7W4105-245.WV4896N,White Venito 1 American Standard 10X4,
DOC_CA_PSKUs,7W4107-245.BM3696N,Solid Surface - Subway - Bitusa Marble,
DOC_CA_PSKUs,7W4108-245.BM4896N,Solid Surface - Subway - Bitusa Marble,
DOC_CA_PSKUs,7W4201-241.BA3696N,Bianca 1 American Standard Flat,
DOC_CA_PSKUs,7W4202-241.BA4896N,Bianca 1 American Standard Flat,
DOC_CA_PSKUs,7W4204-241.SR3696N,Sorrento 1 American Standard Flat,
DOC_CA_PSKUs,7W4205-241.SR4896N,Sorrento 1 American Standard Flat,
DOC_CA_PSKUs,7W4207-241.BO3696N,Bleached Oak 1 American Standard Flat,
DOC_CA_PSKUs,7W4208-241.BO4896N,Bleached Oak 1 American Standard Flat,
DOC_CA_PSKUs,7W4213-241.GG3696V,Grey Garden 1 American Standard Flat,
DOC_CA_PSKUs,7W4214-241.GG4896V,Grey Garden 1 American Standard Flat,
DOC_CA_PSKUs,7W4216-241.WR3696V,White Reef 1 American Standard Flat,
DOC_CA_PSKUs,7W4217-241.WR4896V,White Reef 1 American Standard Flat,
DOC_CA_PSKUs,7W4219-241.BM3696V,Solid Surface - Smooth - Bitusa Marble,
DOC_CA_PSKUs,7W4220-241.BM4896V,Solid Surface - Smooth - Bitusa Marble,
DOC_CA_PSKUs,7W4710-241.WH6096N,Solid Surface - Flat White,
DOC_CA_PSKUs,7W4711-241.WH3696N,Solid Surface - Flat White,
DOC_CA_PSKUs,7W5000-251.ES1526N,Empire Stone Moment 25.6X14.8,
DOC_CA_PSKUs,7W5000-251.ES1526N,Empire Stone Moment Vertical 25.6X14.8,
DOC_CA_PSKUs,7W5001-251.CO1526N,Colosseum Moment 25.6X14.8,
DOC_CA_PSKUs,7W5001-251.CO1526N,Colosseum Moment Vertical 25.6X14.8,
DOC_CA_PSKUs,7W5002-251.PM1526N,Pisa Marble Moment 25.6X14.8,
DOC_CA_PSKUs,7W5002-251.PM1526N,Pisa Marble Moment Vertical 25.6X14.8,
DOC_CA_PSKUs,7W5003-251.MH1526N,Mining House Moment 25.6X14.8,
DOC_CA_PSKUs,7W5003-251.MH1526N,Mining House Moment Vertical 25.6X14.8,
DOC_CA_PSKUs,8012A80GRC-020,Bidet Seat,
DOC_CA_PSKUs,9038254.002,Spectra Plus Duo Polished Chrome,
DOC_CA_PSKUs,9038254.002,Spectra Plus Duo Polished Chrome Tub,
DOC_CA_PSKUs,9038254.243,Spectra Plus Duo Matte Black,
DOC_CA_PSKUs,9038254.243,Spectra Plus Duo Matte Black Tub,
DOC_CA_PSKUs,9038254.278,Spectra Plus Duo Legacy Bronze Tub,
DOC_CA_PSKUs,9038254.295,Spectra Plus Duo Brushed Nickel,
DOC_CA_PSKUs,9038254.295,Spectra Plus Duo Brushed Nickel Tub,
DOC_CA_PSKUs,9GB-24,24in - Studio - CH - WIT,
DOC_CA_PSKUs,DOC_CA_PSKUs_organized,,
DOC_CA_PSKUs,SKU,Product Name,
DOC_CA_PSKUs,STMX,Mixing Valve,
DOC_CA_PSKUs,TU075508.002,Colony Pro Shower,
DOC_CA_PSKUs,TU075508.295,Colony Pro Shower Brushed Nickel,
DOC_CA_PSKUs,TU105508.002,Studio Polished Chrome,
DOC_CA_PSKUs,TU105508.243,Studio Matte Black,
DOC_CA_PSKUs,TU105508.243,Studio Matte Black Tub,
DOC_CA_PSKUs,TU105508.295,Studio Brushed Nickel,
DOC_CA_PSKUs,TU105508.295,Studio Brushed Nickel Tub,
DOC_CA_PSKUs,TU105740.002,Studio Polished Chrome Tub,
DOC_CA_PSKUs,TU353508.002,Townsend Polished Chrome,
DOC_CA_PSKUs,TU353508.002,Townsend Polished Chrome Tub,
DOC_CA_PSKUs,TU353508.243,Townsend Matte Black,
DOC_CA_PSKUs,TU353508.243,Townsend Matte Black Tub,
DOC_CA_PSKUs,TU353508.278,Townsend Legacy Bronze,
DOC_CA_PSKUs,TU353508.278,Townsend Legacy Bronze Tub,
DOC_CA_PSKUs,TU353508.295,Townsend Brushed Nickel,
DOC_CA_PSKUs,TU353508.295,Townsend Brushed Nickel Tub,
DOC_CA_PSKUs,TU617508.002,Glenmere Polished Chrome,
DOC_CA_PSKUs,TU617508.002,Glenmere Tub CH,
DOC_CA_PSKUs,TU617508.243,Glenmere Matte Black,
DOC_CA_PSKUs,TU617508.243,Glenmere Tub MB,
DOC_CA_PSKUs,TU617508.278,Glenmere Legacy Bronze,
DOC_CA_PSKUs,TU617508.278,Glenmere Tub LB,
DOC_CA_PSKUs,TU617508.295,Glenmere Brushed Nickel,
DOC_CA_PSKUs,TU617508.295,Glenmere Tub BN,
DOC_CA_PSKUs,Trimslate Custom Base,Custom SMC,
Product SKU list-2026,,Custom Barn Style Shower Door: Basco,
Product SKU list-2026,,INSERT NEW PART NUMBERS BELOW,
Product SKU list-2026,,MTO=  Made  To Order,
Product SKU list-2026,,Max Cost,
Product SKU list-2026,,MaxCost,
Product SKU list-2026,,Rolaire Barn Door= Single Bypass Panel with 1 stationary panel,
Product SKU list-2026,,Trimslate Bases require an additional 6 tubes of adhesive,
Product SKU list-2026,,ENAMEL STEEL TOUCH-UP PAINT,070900-0110A
Product SKU list-2026,,Empire Stone L Trim,1021 Groves Pass SE
Product SKU list-2026,,Spectra Versa CH,1029070000
Product SKU list-2026,,Spectra Versa MB,1029072430
Product SKU list-2026,,Spectra Versa LB,1029072780
Product SKU list-2026,,Spectra Versa BN,1029072950
Product SKU list-2026,,1660240.002,1660240.002
Product SKU list-2026,,1660240.243,1660240.243
Product SKU list-2026,,1660240.295,1660240.295
Product SKU list-2026,,1660245.002,1660245.002
Product SKU list-2026,,1660245.243,1660245.243
Product SKU list-2026,,1660245.295,1660245.295
Product SKU list-2026,,Princeton Americast 6030 LH WH,2390202.020
Product SKU list-2026,,Princeton Americast 6030 RH WH,2391202.020
Product SKU list-2026,,Cambridge Americast LH WH 6032,2460002.020
Product SKU list-2026,,Cambridge Americast RH WH 6032,2461002.020
Product SKU list-2026,,2848.D09.ComboLeftLinen,2848.D09.CLL
Product SKU list-2026,,2848.D09.ComboLeftWhite,2848.D09.CLW
Product SKU list-2026,,2848.D09.ComboRightLinen,2848.D09.CRL
Product SKU list-2026,,2848.D09.ComboRightWhite,2848.D09.CRW
Product SKU list-2026,,2848.D1A.Combo Left Linen,2848.D1A.CLL
Product SKU list-2026,,2848.D1A.Combo Left White,2848.D1A.CLW
Product SKU list-2026,,2848.D1B.Soaker Left LN,2848.D1B.SLL
Product SKU list-2026,,2848.D1B.Soaker Left Whit,2848.D1B.SLW
Product SKU list-2026,,2848.D1B.Soaker Right LN,2848.D1B.SRL
Product SKU list-2026,,2848.D1B.Soaker Right Wht,2848.D1B.SRW
Product SKU list-2026,,2848.D1A.Combo Right Wht,2848D1ACRW
Product SKU list-2026,,SB VALVE AND TRIM- IN CURRENT USE,29423000
Product SKU list-2026,,3051.D1A.Combo Left Linen,3051.D1A.CLL
Product SKU list-2026,,3051.D1A.Combo Left White,3051.D1A.CLW
Product SKU list-2026,,3051.D1A.Combo Right Lin,3051.D1A.CRL
Product SKU list-2026,,3051.D1A.Combo Right Wht,3051.D1A.CRW
Product SKU list-2026,,3051.D1B.Soaker Left Lin,3051.D1B.SLL
Product SKU list-2026,,3051.D1B.Soaker Left Wht,3051.D1B.SLW
Product SKU list-2026,,3051.D1B.Soaker Right Lin,3051.D1B.SRL
Product SKU list-2026,,3051.D1B.Soaker Right Wht,3051.D1B.SRW
Product SKU list-2026,,3052.D09.ComboLeftLinen,3052.D09.CLL
Product SKU list-2026,,3052.D09.ComboLeftWhite,3052.D09.CLW
Product SKU list-2026,,3052.D09.ComboRightLinen,3052.D09.CRL
Product SKU list-2026,,3052.D09.ComboRightWhite,3052.D09.CRW
Product SKU list-2026,,3052OD.D09.ComboLftLN-PC,3052OD.D09.CLL-PC
Product SKU list-2026,,3052OD.D09.ComboLftWH-PC,3052OD.D09.CLW-PC
Product SKU list-2026,,3052OD.D09.ComboRghtLN-PC,3052OD.D09.CRL-PC
Product SKU list-2026,,3052OD.D09.ComboRhtWH-PC,3052OD.D09.CRW-PC
Product SKU list-2026,,GEL OOD 3052 LH SOAKER,3052OD.D09.SLW-PC
Product SKU list-2026,,GEL OOD 3052 RH SOAKER,3052OD.D09.SRW-PC
Product SKU list-2026,,3052OD.D0A.Combo Left LN,3052OD.D0A.CLL
Product SKU list-2026,,3052OD.D0A.Combo Left White,3052OD.D0A.CLW
Product SKU list-2026,,3052OD.D0A.Combo Right LN,3052OD.D0A.CRL
Product SKU list-2026,,3052OD.D0A.Combo Right WH,3052OD.D0A.CRW
Product SKU list-2026,,252OD.D09.ComboLftLN-PC,3252OD.D09.CLL-PC
Product SKU list-2026,,30252OD.D09.ComboLftWH-PC,3252OD.D09.CLW-PC
Product SKU list-2026,,3252OD.D09.ComboRtLN-PC,3252OD.D09.CRL-PC
Product SKU list-2026,,3252OD.D09.ComboRtWH-PC,3252OD.D09.CRW-PC
Product SKU list-2026,,GEL OOD 3252 LH SOAKER,3252OD.D09.SLW-PC
Product SKU list-2026,,GEL OOD 3252 RH SOAKER,3252OD.D09.SRW-PC
Product SKU list-2026,,3252OD.D0A.Combo Left LN,3252OD.D0A.CLL
Product SKU list-2026,,3252OD.D0A.Combo Left WH,3252OD.D0A.CLW
Product SKU list-2026,,3252.D0A.Combo Right LN,3252OD.D0A.CRL
Product SKU list-2026,,3252OD.D0A.Combo Right WH,3252OD.D0A.CRW
Product SKU list-2026,,3260.D1A.Combo Left Lin,3260.D1A.CLL
Product SKU list-2026,,3260.D1A.Combo Left Wht,3260.D1A.CLW
Product SKU list-2026,,3260.D1A.Combo Right Lin,3260.D1A.CRL
Product SKU list-2026,,3260.D1A.Combo Right Wht,3260.D1A.CRW
Product SKU list-2026,,3260.D1B.Soaker Left  Wht,3260.D1B.SLW
Product SKU list-2026,,3260.D1B.Soaker Right Wht,3260.D1B.SRW
Product SKU list-2026,,Cadet TTG White,3478128ST.020
Product SKU list-2026,,Cadet TTG Linen,3478128ST.222
Product SKU list-2026,,7B5141-240.WH4836C,48X35-1/2 CNTR DRAIN TRIMMABLE WHITE
Product SKU list-2026,,,51 x 40 Center Drain
Product SKU list-2026,,7B5136-240.WH5140C,51X40 CENTER DRAIN TRIMMABLE WHITE
Product SKU list-2026,,,60 x 40 Center Drain
Product SKU list-2026,,7B5201-240.WH0460N,"60"" THRESHOLD  WHITE"
Product SKU list-2026,,,"60"" Threshold"
Product SKU list-2026,,SMC Drain Cover,60X32 END DRAIN TRIMMABLE WHITE
Product SKU list-2026,,7B5138-240.WH6040C,60X40 CENTER DRAIN TRIMMABLE WHITE
Product SKU list-2026,,7B5143-240.WH6048C,60X48 CENTER DRAIN TRIMMABLE WHITE
Product SKU list-2026,,Stainless Steel Trench Drain,60x32 CENTER DRAIN TRIMMABLE WHITE
Product SKU list-2026,,Stainless Steel Trench Drain,67X36 CENTER DRAIN TRIMMABLE WHITE
Product SKU list-2026,,SMC Drain Cover,67X36 END DRAIN TRIMMABLE WHITE
Product SKU list-2026,,"EDGEMERE 4"" CENTRSET CHROME",7018201.002
Product SKU list-2026,,"EDGEMERE 4"" CENTRSET MB",7018201.243
Product SKU list-2026,,"EDGEMERE 4"" CENTRSET BN",7018201.295
Product SKU list-2026,,Stainless Steel Trench Drain,72X36 CENTER DRAIN TRIMMABLE WHITE
Product SKU list-2026,,SMC Drain Cover,72X36 END DRAIN TRIMMABLE WHITE
Product SKU list-2026,,7B5145-240.WH7248C,72X48 CENTER DRAIN TRIMMABLE WHITE
Product SKU list-2026,,SMC Drain Cover,79X40 CENTER DRAIN TRIMMABLE WHITE
Product SKU list-2026,,Sausage Adhesive,7A0001-260.CL0020N
Product SKU list-2026,,Black Butyl Tape Rolls,7A1000-268.NA0240N
Product SKU list-2026,,60 x 36 Shower Base - center drain - White,7B4048-240.WH6036C
Product SKU list-2026,,60 X 36 SHOWER BASE - CEN,7B4051-240.GR6036C
Product SKU list-2026,,48 x 32 Shower Base - Center Drain White,7B4052-240.WH4832C
Product SKU list-2026,,48 x 32 Shower Base - Center Drain Cameo,7B4054-240.CE4832C
Product SKU list-2026,,48 x 32 Shower Base - Center Drain- Cameo,7B4054-240.CE4832C
Product SKU list-2026,,48 x 32 Shower Base - Center Drain,7B4055-240.GR4832C
Product SKU list-2026,,48 x 36 Shower Base - Center Drain - White,7B4056-240.WH4836C
Product SKU list-2026,,48 x 36 Shower Base - Center Drain  - Cameo,7B4058-240.CE4836C
Product SKU list-2026,,48 x 36 Shower Base - Center Drain -Cameo,7B4058-240.CE4836C
Product SKU list-2026,,48 x 36 Shower Base - Center Drain- Grey,7B4059-240.GR4836C
Product SKU list-2026,,48 x 34 Ultra Low Base Center Drain - White,7B4060-240.WH4834C
Product SKU list-2026,,48 x 34 Center Grey Base,7B4062-240.GR4834C
Product SKU list-2026,,Ultra Low Base Center Drain 3636 White,7B4063-240.WH3636C
Product SKU list-2026,,36 x 36 CTR Gray Base,7B4065-240.GR3636C
Product SKU list-2026,,60x32 CTR DRAIN WHITE SHOWER,7B4066-240.WH6032C
Product SKU list-2026,,60 X 32 SHOWER BASE - CENTER LINEN,7B4068-240.CE6032C
Product SKU list-2026,,60X32 GREY CTR DRAIN,7B4069-240.GR6032C
Product SKU list-2026,,Ultra Low 3636 Center Cameo,7B4070-240.LN3636C
Product SKU list-2026,,Ultra Low 4834 Center Cameo,7B4071-240.LN4834C
Product SKU list-2026,,Ultra Low 6030 RH Cameo,7B4072-240.LN6030R
Product SKU list-2026,,Ultra Low 6030 LH Cameo,7B4073-240.LN6030L
Product SKU list-2026,,Ultra Low 60X32 RH CAMEO BASE,7B4074-240.LN6032R
Product SKU list-2026,,Ultra Low 60X32 LH CAMEO BASE,7B4075-240.LN6032L
Product SKU list-2026,,Ultra Low 60X36 Center Drain  CAMEO BASE,7B4076-240.LN6036C
Product SKU list-2026,,60 x 30 x 2.6 Ultra Low Bases - White,7B5000-240.WH6030L
Product SKU list-2026,,60 x 30 x 2.6 Ultra Low B,7B5002-240.GR6030L
Product SKU list-2026,,60 x 30 x 2.6 Ultra Low Bases - White,7B5003-240.WH6030R
Product SKU list-2026,,60 x 30 x 2.6 Ultra Low B,7B5005-240.GR6030R
Product SKU list-2026,,60 x 32 x 2.6 Ultra Low Bases - White,7B5006-240.WH6032L
Product SKU list-2026,,60 x 32 x 2.6 Ultra Low B,7B5008-240.GR6032L
Product SKU list-2026,,60 x 32 x 2.6 Ultra Low Bases - White,7B5009-240.WH6032R
Product SKU list-2026,,"60"" x 32"" x 2.6 Ultra Low",7B5011-240.GR6032R
Product SKU list-2026,,"Neo 36"" Biscuit Base",7B6000-240.LN3636C
Product SKU list-2026,,"Neo 38"" Biscuit Base",7B6001-221.LN3838C
Product SKU list-2026,,"Neo 42"" Biscuit Base",7B6003-221.LN4242C
Product SKU list-2026,,"Neo 36"" White Base",7B6004-221.WH3636C
Product SKU list-2026,,"Neo 38"" White Base",7B6005-221.WH3838C
Product SKU list-2026,,"Neo 42"" White Base",7B6007-221.WH4242C
Product SKU list-2026,,Acrylic Corner Shelves White,7C0000-220.WH0110N
Product SKU list-2026,,Acrylic Corner Shelves Linen,7C0001-220.LN0110N
Product SKU list-2026,,Acrylic Corner Shelves Roman Stone,7C0004-220.RS0110N
Product SKU list-2026,,Acrylic Corner Shelves Silver Vein,7C0005-220.SV0110N
Product SKU list-2026,,Acrylic Corner Shelves Tibur Stone,7C0006-220.TS0110N
Product SKU list-2026,,Acrylic Corner Shelves Vienna Mist,7C0008-220.VM0110N
Product SKU list-2026,,Metal Shelf CH,7C0100-250.CH1012N
Product SKU list-2026,,Corner Shelf Teak CH,7C0100-250.CH1408N
Product SKU list-2026,,Metal Shelf BN,7C0101-250.BN1012N
Product SKU list-2026,,Corner Shelf Teak BN,7C0101-250.BN1408N
Product SKU list-2026,,Metal Shelf LB,7C0102-250.LB1012N
Product SKU list-2026,,Corner Shelf Teak MB,7C0102-250.MB1408N
Product SKU list-2026,,Metal Shelf MB,7C0103-250.MB1012N
Product SKU list-2026,,Shampoo Shelf Teak CH,7C4100-250.CH1804N
Product SKU list-2026,,Shampoo Shelf Teak BN,7C4101-250.BN1804N
Product SKU list-2026,,Shampoo Shelf Teak MB,7C4102-250.MB1804N
Product SKU list-2026,,Storage Pod SS 14x14,7C5003-250.SS1414N
Product SKU list-2026,,Storage Pod MB 14x14,7C5037-250.MB1414N
Product SKU list-2026,,SS Corner Shelf White,7C6000-240.WH0710N
Product SKU list-2026,,SS Corner Shelf Cameo,7C6001-240.CE0710N
Product SKU list-2026,,Grey Garden - CORNER SHELVES,7C6003-240.GG0710N
Product SKU list-2026,,White Reef- CORNER SHELVES,7C6004-240.WR0710N
Product SKU list-2026,,Bitusa Marble - CORNER SHELVES,7C6005-240.BM0710N
Product SKU list-2026,,SS Corner Shelf 1001 White,7C6011-240.WH0808N
Product SKU list-2026,,BRASS NO CAULK DRAIN,7D1002-550.CH0002N
Product SKU list-2026,,PVC DRAIN,7D1004-510.NA0004N
Product SKU list-2026,,Waste & Overflow Kit WH,7D4000-550.WH0015N
Product SKU list-2026,,Waste & Overflow Kit LN,7D4001-550.LN0015N
Product SKU list-2026,,Waste & Overflow Kit CH,7D4002-550.CH0015N
Product SKU list-2026,,Waste & Overflow Kit BN,7D4003-550.BN0015N
Product SKU list-2026,,Waste & Overflow Kit LB,7D4004-550.LB0015N
Product SKU list-2026,,Waste & Overflow Kit MB,7D4005-550.MB0015N
Product SKU list-2026,,Extension Tube for Waste,7D4007-550.NA0009N
Product SKU list-2026,,CURVED SHOWER ROD PIVOT FLANGES CH,7E0100-250.CH0125N
Product SKU list-2026,,CURVED SHOWER ROD PIVOT FLANGES BN,7E0101-250.BN0125N
Product SKU list-2026,,CURVED SHOWER ROD PIVOT FLANGES MB,7E0102-250.MB0125N
Product SKU list-2026,,"1"" Straight Rod Flange CH",7E0210-250.CH0001N
Product SKU list-2026,,"1"" Straight Rod Flange BN",7E0211-250.BN0001N
Product SKU list-2026,,"1"" Straight Rod Flange MB",7E0212-250.MB0001N
Product SKU list-2026,,"Curved Shower Rod 60"" Chrome",7E1000-250.CH0060N
Product SKU list-2026,,"Curved Shower Rod 60"" BN",7E1001-250.BN0060N
Product SKU list-2026,,"Curved Shower Rod 60"" MB",7E1002-250.MB0060N
Product SKU list-2026,,Curved Shower Rod 6' Chrome,7E1003-250.CH0066N
Product SKU list-2026,,Curved Shower Rod 6' BN,7E1004-250.BN0066N
Product SKU list-2026,,Curved Shower Rod 6' MB,7E1005-250.MB0066N
Product SKU list-2026,,"Curved Shower Rod 36"" CH",7E1006-250.CH0036N
Product SKU list-2026,,"Curved Shower Rod 36"" BN",7E1007-250.BN0036N
Product SKU list-2026,,"Curved Shower Rod 36"" MB",7E1008-250.MB0036N
Product SKU list-2026,,"Curved Shower Rod 48"" CH",7E1009-250.CH0048N
Product SKU list-2026,,"Curved Shower Rod 48"" BN",7E1010-250.BN0048N
Product SKU list-2026,,"Curved Shower Rod 48"" MB",7E1011-250.MB0048N
Product SKU list-2026,,"1” O.D. 36"" Straight Shower Rod CH",7E2100-250.CH0036N
Product SKU list-2026,,"1” O.D. 36"" Straight Shower Rod BN",7E2101-250.BN0036N
Product SKU list-2026,,"1” O.D. 36"" Straight Shower Rod MB",7E2102-250.MB0036N
Product SKU list-2026,,"1” O.D. 48"" Straight Shower Rod CH",7E2103-250.CH0048N
Product SKU list-2026,,"1” O.D. 48"" Straight Shower Rod BN",7E2104-250.BN0048N
Product SKU list-2026,,"1” O.D. 48"" Straight Shower Rod MB",7E2105-250.MB0048N
Product SKU list-2026,,"1” O.D. 60"" Straight Shower Rod CH",7E2106-250.CH0060N
Product SKU list-2026,,"1” O.D. 60"" Straight Shower Rod BN",7E2107-250.BN0060N
Product SKU list-2026,,"1” O.D. 60"" Straight Shower Rod MB",7E2108-250.MB0060N
Product SKU list-2026,,"1” O.D. 72"" Straight Shower Rod CH",7E2109-250.CH0072N
Product SKU list-2026,,"1” O.D. 72"" Straight Shower Rod BN",7E2110-250.BN0072N
Product SKU list-2026,,"1” O.D. 72"" Straight Shower Rod MB",7E2111-250.MB0072N
Product SKU list-2026,,"Celesta Tub Dr 60""x65""CH",7G0110-250.CH6065N
Product SKU list-2026,,"Celesta Tub Dr 60""x65""BN",7G0111-250.BN6065N
Product SKU list-2026,,"Celesta Tub Dr 60""x65""MB",7G0112-250.MB6065N
Product SKU list-2026,,Celesta Tub Door 60x65ORB,7G0113-250.LB6065N
Product SKU list-2026,,"Celesta Tub Dr 60""x65""CH-SILK",7G0114-250.CH6065N
Product SKU list-2026,,"Celesta Tub Dr 60""x65""BN-SILK",7G0115-250.BN6065N
Product SKU list-2026,,"Celesta Tub Dr 60""x65""MB-SILK",7G0116-250.MB6065N
Product SKU list-2026,,"Celesta Tub Dr 60""x65""MB-SILK",7G0117-250.LB6065N
Product SKU list-2026,,56-60 in. W x 58 in. H Tub Door CH,7G0300-350.CH6058N
Product SKU list-2026,,56-60 in. W x 58 in. H Tub Door ORB,7G0302-350.LB6058N
Product SKU list-2026,,"Copa-935 Pvt Dr 60""x76""CH",7G1100-250.CH6076N
Product SKU list-2026,,"Copa-935 Pvt Dr 60""x76""BN",7G1101-250.BN6076N
Product SKU list-2026,,"Copa-935 Pvt Dr 60""x76""MB",7G1102-250.MB6076N
Product SKU list-2026,,"Copa-935 Pvt Dr 48""x76""CH",7G1103-250.CH4876N
Product SKU list-2026,,"Copa-935 Pvt Dr 48""x76""BN",7G1104-250.BN4876N
Product SKU list-2026,,"Copa-935 Pvt Dr 48""x76""MB",7G1105-250.MB4876N
Product SKU list-2026,,"Copa-900 Pvt Dr 32""x76""CH",7G1110-250.CH3276N
Product SKU list-2026,,"Copa-900 Pvt Dr 32""x76""BN",7G1111-250.BN3276N
Product SKU list-2026,,"Copa-900 Pvt Dr 32""x76""MB",7G1112-250.MB3276N
Product SKU list-2026,,"Copa-900 Pvt Dr 36""x76""CH",7G1113-250.CH3676N
Product SKU list-2026,,"Copa-900 Pvt Dr 36""x76""BN",7G1114-250.BN3676N
Product SKU list-2026,,"Copa-900 Pvt Dr 36""x76""MB",7G1115-250.MB3676N
Product SKU list-2026,,"Fusion Pvt Dr 42""x74""CH",7G1116-250.CH4276N
Product SKU list-2026,,"Fusion Pvt Dr 42""x74""BN",7G1117-250.BN4276N
Product SKU list-2026,,"Fusion Pvt Dr 42""x74""MB",7G1118-250.MB4276N
Product SKU list-2026,,Copa-900 Pvt Dr 36x76ORB,7G1123-250.LB3676N
Product SKU list-2026,,"Fusion Pvt Dr 42""x74""ORB",7G1124-250.LB4276N
Product SKU list-2026,,Celesta Byps Shwr 60x76CH,7G1300-250.CH6076N
Product SKU list-2026,,Celesta Byps Shwr 60x76BN,7G1301-250.BN6076N
Product SKU list-2026,,Celesta Byps Shwr 60x76MB,7G1303-250.MB6076N
Product SKU list-2026,,Celesta Byps Shwr 48x76CH,7G1304-250.CH4876N
Product SKU list-2026,,Celesta Byps Shwr 48x76BN,7G1305-250.BN4876N
Product SKU list-2026,,Celesta Byps Shwr 48x76MB,7G1307-250.MB4876N
Product SKU list-2026,,Celesta BypsShwr 48x76ORB,7G1308-250.LB4876N
Product SKU list-2026,,Celesta BypsShwr 60x76ORB,7G1308-250.LB6076N
Product SKU list-2026,,Celesta Byps Shwr 60x76CH-SILK,7G1309-250.CH6076N
Product SKU list-2026,,Celesta Byps Shwr 60x76BN-SILK,7G1310-250.BN6076N
Product SKU list-2026,,Celesta Byps Shwr 60x76MB-SILK,7G1311-250.MB6076N
Product SKU list-2026,,Celesta BypsShwr 60x76ORB-SILK,7G1312-250.LB6076N
Product SKU list-2026,,Celesta Byps Shwr 48x76CH-SILK,7G1313-250.CH4876N
Product SKU list-2026,,Celesta Byps Shwr 48x76N-SILK,7G1314-250.BN4876N
Product SKU list-2026,,Celesta Byps Shwr 48x76MB-SILK,7G1315-250.MB4876N
Product SKU list-2026,,Celesta BypsShwr 48x76ORB-SILK,7G1316-250.LB4876N
Product SKU list-2026,,Hinge Door LS - 34-35-72 Chrome,7G1500-250.CH3572N
Product SKU list-2026,,Hinge Door - 34-35-72 ORB,7G1502-250.LB3572N
Product SKU list-2026,,Hinge Door - 46-47 ORB,7G1510-250.LB4772N
Product SKU list-2026,,Hinge Door - 58-59 ORB,7G1522-250.LB5972N
Product SKU list-2026,,44-48 in. W x 76 in. H Bypass CH Door,7G1700-350.CH4876N
Product SKU list-2026,,44-48 in. W x 76 in. H Bypass BN Door,7G1701-350.BN4876N
Product SKU list-2026,,44-48 in. W x 76 in. H Bypass ORB Door,7G1702-350.LB4876N
Product SKU list-2026,,44-48 in. W x 76 in. H Bypass MB Door,7G1703-350.MB4876N
Product SKU list-2026,,50-54 in. W x 76 in. H Bypass ORB Door,7G1706-350.LB5476N
Product SKU list-2026,,50-54 in. W x 76 in. H Bypass MB Door,7G1707-350.MB5476N
Product SKU list-2026,,"Rotolo BARN 60"" x 76"" CH",7G2100-250.CH6076N
Product SKU list-2026,,"Rotolo BARN Door 60"" x 76"" BN",7G2101-250.BN6076N
Product SKU list-2026,,"Rotolo BARN Door 60"" x 76"" MB",7G2102-250.MB6076N
Product SKU list-2026,,"Rotolo Door 48"" x 76"" CH",7G2103-250.CH4876N
Product SKU list-2026,,"Rotolo Door 48"" x 76"" BN",7G2104-250.BN4876N
Product SKU list-2026,,"Rotolo Door 48"" x 76"" MB",7G2105-250.MB4876N
Product SKU list-2026,,"Rotolo Door 60"" x 76"" ORB",7G2110-250.LB6076N
Product SKU list-2026,,"Rotolo Door 48"" x 76"" ORB",7G2111-250.LB4876N
Product SKU list-2026,,"Rotolo Grid Glass 60""x76""",7G2202-250.MB6076N
Product SKU list-2026,,"Rotolo Grid Glass 48""x76""",7G2205-250.MB4876N
Product SKU list-2026,,Barn Door 56-60 Oil Rubbed Bronze,7G2302-250.LB6076N
Product SKU list-2026,,Barn Door 44-48 Oil Rubbed Bronze,7G2306-250.LB4876N
Product SKU list-2026,,Essence-H 44-48 in Barn MB,7G2502-350.MB4876N
Product SKU list-2026,,"54"" Rotolo 52"" - 56"" CH",7G2600-290.CH5476N
Product SKU list-2026,,"54"" Rotolo 52"" - 56"" BN",7G2601-290.BN5476N
Product SKU list-2026,,"54"" Rotolo 52"" - 56"" MB",7G2602-290.MB5476N
Product SKU list-2026,,"54"" Rotolo 52"" - 56"" LB",7G2603-290.LB5476N
Product SKU list-2026,,"Rolaire Custom 62"" - 66"" CH",7G3100-299.CH6676N
Product SKU list-2026,,"Rolaire Custom 62"" - 66"" BN",7G3101-299.BN6676N
Product SKU list-2026,,"Rolaire Custom 62"" - 66"" MB",7G3102-299.MB6676N
Product SKU list-2026,,"Rolaire Custom 68"" - 72"" CH",7G3103-299.CH7276N
Product SKU list-2026,,"Rolaire Custom 68"" - 72"" BN",7G3104-299.BN7276N
Product SKU list-2026,,"Rolaire Custom 68"" - 72"" MB",7G3105-299.MB7276N
Product SKU list-2026,,"Infinity NEO 36"" x 76"" CH",7G6200-250.CH3676N
Product SKU list-2026,,"Infinity NEO 36"" x 76"" BN",7G6201-250.BN3676N
Product SKU list-2026,,"Infinity NEO 36"" x 76"" MB",7G6202-250.MB3676N
Product SKU list-2026,,"Infinity NEO 38"" x 76"" CH",7G6203-250.CH3876N
Product SKU list-2026,,"Infinity NEO 38"" x 76"" BN",7G6204-250.BN3876N
Product SKU list-2026,,"Infinity NEO 38"" x 76"" MB",7G6205-250.MB3876N
Product SKU list-2026,,"Infinity NEO 42"" x 76"" CH",7G6206-250.CH4276N
Product SKU list-2026,,"Infinity NEO 42"" x 76"" BN",7G6207-250.BN4276N
Product SKU list-2026,,"Infinity NEO 42"" x 76"" MB",7G6208-250.MB4276N
Product SKU list-2026,,7K5000-390.WH1129N,7K5000-390.WH1129N
Product SKU list-2026,,7K5002-390.WH1730N,7K5002-390.WH1730N
Product SKU list-2026,,LEDGE CAP,7M1002-249.NA9999N
Product SKU list-2026,,Kerdi Membrane 33',7N0000-250.NA3933N
Product SKU list-2026,,Kerdi Band 33',7N0001-250.NA0533N
Product SKU list-2026,,Kerdi Seal 0.5,7N0002-250.NA0005N
Product SKU list-2026,,Kerdi Seal 0.75,7N0003-250.NA0075N
Product SKU list-2026,,Kerdi Board Kit Shower,7N0004-350.NA4838N
Product SKU list-2026,,Kerdi Membrane Kit Tub,7N0005-350.NA3923N
Product SKU list-2026,,"0.5"" Kerdi Panel",7N0006-250.NA4832N
Product SKU list-2026,,Kerdi Board Pnl 48x64x1/2,7N0007-250.NA4864N
Product SKU list-2026,,Corner Reinforcements,7N0100-0296I
Product SKU list-2026,,Kerdi ZT Washer 100,7N1000-250.NA0125N
Product SKU list-2026,,Kerdi ZS Screws 100,7N1001-250.NA0002N
Product SKU list-2026,,Kerdi ZT ZS Washer & Screws Kit,7N1002-350.NA1625N
Product SKU list-2026,,Kerdi-Board Reinforcement tape,7N1003-250.NA4148N
Product SKU list-2026,,Kerdi-Board double sided tape,7N1004-250.NA0005N
Product SKU list-2026,,A-FRAME ACRYLIC TO DC,7PK-AFRAMEAC
Product SKU list-2026,,A-FRAME SOLID SURFACE TO DC,7PK-AFRAMESS
Product SKU list-2026,,5936 Pallet-MOMENT ONLY,7PK-P5936
Product SKU list-2026,,Townsend Grab Bars CH,7R1010-250.CH0024N
Product SKU list-2026,,Townsend Grab Bars BN,7R1011-250.BN0024N
Product SKU list-2026,,Townsend Grab Bars MB,7R1012-250.LB0024N
Product SKU list-2026,,Patience/Studio Grab Bars CH,7R2008-250.CH0024N
Product SKU list-2026,,Patience/Studio Grab Bars BN,7R2009-250.BN0024N
Product SKU list-2026,,Patience/Studio Grab Bars MB,7R2010-250.MB0024N
Product SKU list-2026,,Slimline Fold-Up WH/CH,7S1204-250.WH1820N
Product SKU list-2026,,Slimline Fold-up Seat Black on Black,7S1212-250.BL1820N
Product SKU list-2026,,Slimline Fold-up Seat Brushed Nickel Teak,7S1213-250.TK1820N
Product SKU list-2026,,Teak Seat Slimline CH,7S1220-250.CH1820N
Product SKU list-2026,,Teak Seat Slimline MB,7S1221-250.MB1820N
Product SKU list-2026,,Teak Seat Comfort Plus CH,7S1222-250.CH1820N
Product SKU list-2026,,Teak Seat Comfort Plus MB,7S1223-250.MB1820N
Product SKU list-2026,,Comfort Plus Brushed Nickel Teak,7S1301-250.TK2716N
Product SKU list-2026,,Comfort Plus Black Black,7S1302-250.BL2716N
Product SKU list-2026,,Edge Trim 3X98 - Arctic White,7T0005-220.WH0398N
Product SKU list-2026,,Edge Trim 3X98 - Sahara Creme,7T0006-220.LN0398N
Product SKU list-2026,,Edge Trim 3x98 - Roman Stone,7T0009-220.RS0398N
Product SKU list-2026,,Edge Trim 3X98 - Silver Vein,7T0010-220.SV0398N
Product SKU list-2026,,Edge Trim 3x98 - Tibur Stone,7T0011-220.TS0398N
Product SKU list-2026,,Edge Trim 3x98 - Vienna Mist,7T0013-220.VM0398N
Product SKU list-2026,,Aluminum Corner Trim CH Jolly,7T0110-250.CH3125O
Product SKU list-2026,,Aluminum Corner Trim BN Jolly,7T0111-250.BN3125O
Product SKU list-2026,,Aluminum Corner Trim LB Jolly,7T0112-250.LB3125O
Product SKU list-2026,,Aluminum Corner Trim MB Jolly,7T0113-250.MB3125O
Product SKU list-2026,,Aluminum Corner Trim WH Jolly,7T0114-250.WH3125O
Product SKU list-2026,,Aluminum Corner Trim CH Rondec,7T0200-250.CH3125O
Product SKU list-2026,,Aluminum Corner Trim BN Rondec,7T0201-250.BN3125O
Product SKU list-2026,,Aluminum Corner Trim LB Rondec,7T0202-250.LB3125O
Product SKU list-2026,,Aluminum Corner Trim MB Rondec,7T0203-250.MB3125O
Product SKU list-2026,,Aluminum Corner Trim WH Rondec,7T0204-250.WH3125O
Product SKU list-2026,,Aluminum 90 Outside Corner Chrome,7T0205-250.CH3125O
Product SKU list-2026,,Aluminum 90 Outside Corner Nickel,7T0206-250.BN3125O
Product SKU list-2026,,Aluminum 90 Outside Corner Bronze,7T0207-250.LB3125O
Product SKU list-2026,,Aluminum 90 Outside Corner Black,7T0208-250.MB3125O
Product SKU list-2026,,Aluminum 90 Outside Corner White,7T0209-250.WH3125O
Product SKU list-2026,,Aluminum 90 2 Leg Outside Corner Chrome,7T0210-250.CH3125O
Product SKU list-2026,,Aluminum 90 2 Leg Outside Corner Nickel,7T0211-250.BN3125O
Product SKU list-2026,,Aluminum 90 2 Leg Outside Corner Bronze,7T0212-250.LB3125O
Product SKU list-2026,,Aluminum 90 2 Leg Outside Corner Black,7T0213-250.MB3125O
Product SKU list-2026,,Aluminum 90 Inside Corner Chrome,7T0214-250.CH3125I
Product SKU list-2026,,Aluminum 90 Inside Corner Nickel,7T0215-250.BN3125I
Product SKU list-2026,,Aluminum 90 Inside Corner Bronze,7T0216-250.LB3125I
Product SKU list-2026,,Aluminum 90 Inside Corner Black,7T0217-250.MB3125I
Product SKU list-2026,,Aluminum 90 Inside Corner White,7T0218-250.WH3125I
Product SKU list-2026,,Aluminum 90 2 Leg Inside Corner Chrome,7T0219-250.CH3125I
Product SKU list-2026,,Aluminum 90 2 Leg Inside Corner Nickel,7T0220-250.BN3125I
Product SKU list-2026,,Aluminum 90 2 Leg Inside Corner Bronze,7T0221-250.LB3125I
Product SKU list-2026,,Aluminum 90 2 Leg Inside Corner Black,7T0222-250.MB3125I
Product SKU list-2026,,Rondec Step CH,7T0226-250.CH0098N
Product SKU list-2026,,Rondec Step BN,7T0227-250.BN0098N
Product SKU list-2026,,Rondec Step LB,7T0228-250.LB0098N
Product SKU list-2026,,Batten Strip 3X98 - Arctic White,7T2000-221.WH0398N
Product SKU list-2026,,Batten Strip 3x98 - Roman Stone,7T2003-221.RS0398N
Product SKU list-2026,,Batten Strip 3X98 - Sahara Creme,7T2004-221.LN0398N
Product SKU list-2026,,Batten Strip 3x98 - Silver Vein,7T2005-221.SV0398N
Product SKU list-2026,,Batten Strip 3x98 - Tibur Stone,7T2006-221.TS0398N
Product SKU list-2026,,Batten Strip 3x98 - Vienna Mist,7T2008-221.VM0398N
Product SKU list-2026,,Batten Molding White,7T2200-240.WH0296N
Product SKU list-2026,,Batten Molding Biscuit,7T2201-240.BC0296N
Product SKU list-2026,,Batten Molding Cameo,7T2202-240.CE0296N
Product SKU list-2026,,Batten Molding Grey Garden,7T2203-240.GG0296N
Product SKU list-2026,,Batten Molding White Reef,7T2204-240.WR0296N
Product SKU list-2026,,Batten Molding Biscotti Marble,7T2205-240.BM0296N
Product SKU list-2026,,Batten Molding 1001 WH,7T2211-240.WH0296N
Product SKU list-2026,,BRL BACKSHELF- ACT- 60 X 8 X 5/8,7T2300-241.WH0660N
Product SKU list-2026,,Window Kit 55 Col ART WH,7T3000-320.WH0255N
Product SKU list-2026,,"48"" Window Trim Kit White",7T3200-240.WH4848N
Product SKU list-2026,,"48"" Window Trim Kit Cameo",7T3201-240.CE4848N
Product SKU list-2026,,"48"" Window Trim Kit Grey Beach",7T3202-240.GG4848N
Product SKU list-2026,,"48"" Window Trim Kit White Reef",7T3203-240.WR4848N
Product SKU list-2026,,"48"" Window Trim Kit Bitusa Marble",7T3204-240.BM4848N
Product SKU list-2026,,WINDOW KIT CUSTOM,7T3210-299.NA9999N
Product SKU list-2026,,"48"" Window Trim Kit 1001 WH",7T3211-240.WH4848N
Product SKU list-2026,,LEDGE CAP- WHITE,7T3300-241.WH0854N
Product SKU list-2026,,Window Sill White,7T3300-241.WH0854N
Product SKU list-2026,,Window Sill Linen,7T3301-241.LN0854N
Product SKU list-2026,,Window Kit Empire Stone,7T3302-301.ES0854N
Product SKU list-2026,,Window Kit Colosseum,7T3303-301.CO0854N
Product SKU list-2026,,Window Kit Pisa Marble,7T3304-301.PM0854N
Product SKU list-2026,,Windo Kit Mining House,7T3305-301.MH0854N
Product SKU list-2026,,Outside Corner Trim 98 - Arctic White,7T5000-220.WH0298O
Product SKU list-2026,,Outside Corner Trim 98 - Roman Stone,7T5003-220.RS0298O
Product SKU list-2026,,Outside Corner Trim 98 - Linen,7T5004-220.LN0298O
Product SKU list-2026,,Outside Corner Trim 98 - Silver Vein,7T5005-220.SV0298O
Product SKU list-2026,,Outside Corner Trim 98 - Tibur Stone,7T5006-220.TS0298O
Product SKU list-2026,,Outside Corner Trim 98 - Vienna Mist,7T5008-220.VM0298O
Product SKU list-2026,,Outside Corner Molding WH,7T5500-240.WH0296O
Product SKU list-2026,,Outside Corner Molding Cameo,7T5502-240.CE0296O
Product SKU list-2026,,Outside Corner Molding Grey Beach,7T5503-240.GG0296O
Product SKU list-2026,,Outside Corner Molding White Venito,7T5504-240.WR0296O
Product SKU list-2026,,Outside Corner Molding Biscotti Marble,7T5505-240.BM0296O
Product SKU list-2026,,Outside Corner Molding 1001 WH,7T5511-240.WH0296N
Product SKU list-2026,,Over-tile trim White,7T5600-240.WH0296O
Product SKU list-2026,,Over-tile trim Cameo,7T5602-240.CE0296O
Product SKU list-2026,,Over-tile trim Grey Beach,7T5603-240.GG0296O
Product SKU list-2026,,Over-tile trim White Venito,7T5604-240.WR0296O
Product SKU list-2026,,Over-tile trim Biscotti Marble,7T5605-240.BM0296O
Product SKU list-2026,,Over-tile trim 1001 WH,7T5611-240.WH0296N
Product SKU list-2026,,Edge Trim White,7T5700-240.WH0298O
Product SKU list-2026,,Edge Trim Grey Garden,7T5701-240.GG0298O
Product SKU list-2026,,Edge Trim Cameo,7T5702-240.CE0298O
Product SKU list-2026,,Edge Trim White Reef,7T5707-240.WR0298O
Product SKU list-2026,,Edge Trim Bitusa Marble,7T5708-240.BM0298O
Product SKU list-2026,,Edge Trim 1001 White,7T5711-240.WH0298N
Product SKU list-2026,,Empire Stone J Trim,7T5800-250.ES0294O
Product SKU list-2026,,Colosseum J Trim,7T5801-250.CO0294O
Product SKU list-2026,,Pisa Marble J Trim,7T5802-250.PM0294O
Product SKU list-2026,,Mining House J Trim,7T5803-250.MH0294O
Product SKU list-2026,,Colosseum L Trim,7T5805-250.CO0294O
Product SKU list-2026,,Pisa Marble L Trim,7T5806-250.PM0294O
Product SKU list-2026,,Mining House L Trim,7T5807-250.MH0294O
Product SKU list-2026,,Pencil Trim Kit - Grey Garden,7T7000-340.GB6036N
Product SKU list-2026,,Pencil Trim Kit - White Reef,7T7001-340.WR6036N
Product SKU list-2026,,Pencil Trim Kit - Bitusa Marble,7T7002-340.BM6036N
Product SKU list-2026,,Pencil Trim Kit- Cameo,7T7009-340.CE6036N
Product SKU list-2026,,"Pencil Trim Kit 60"" White",7T7010-340.WH6036N
Product SKU list-2026,,Pencil Trim Kit 1001 White,7T7111-240.WH6036N
Product SKU list-2026,,Shoe Molding White,7T8000-240.WH0160N
Product SKU list-2026,,Shoe Molding Cameo,7T8002-240.CE0160N
Product SKU list-2026,,Shoe Molding Grey,7T8003-240.GL0160N
Product SKU list-2026,,Acrylic Ceiling Panel White,7U0000-220.WH4762N
Product SKU list-2026,,Acrylic Ceiling Panel Linen,7U0001-220.LN4762N
Product SKU list-2026,,Acrylic Ceiling Panel Roman Stone,7U0004-220.RS4762N
Product SKU list-2026,,Acrylic Ceiling Panel Silver Vein,7U0005-220.SV4762N
Product SKU list-2026,,Acrylic Ceiling Panel Tibur Stone,7U0006-220.TS4762N
Product SKU list-2026,,Acrylic Ceiling Panel Vienna Mist,7U0008-220.VM4762N
Product SKU list-2026,,"36"" x 96"" Flat Acrylic Wall White",7W0000-221.WH3898N
Product SKU list-2026,,"36"" x 96"" Flat Acrylic Wall Linen",7W0001-221.LN3898N
Product SKU list-2026,,"36"" x 96"" Flat Acrylic Wall Roman Stone",7W0004-221.RS3898N
Product SKU list-2026,,"36"" x 96"" Flat Acrylic Wall Silver Vein",7W0005-221.SV3898N
Product SKU list-2026,,"36"" x 96"" Flat Acrylic Wall Tibur Stone",7W0006-221.TS3898N
Product SKU list-2026,,"36"" x 96"" Flat Acrylic Wall Vienna Mist",7W0008-221.VM3898N
Product SKU list-2026,,"60"" x 96"" Flat Acrylic Wall Roman Stone",7W0012-221.RS6298C
Product SKU list-2026,,"60"" x 96"" Flat Acrylic Wall Silver Vein",7W0013-221.SV6298C
Product SKU list-2026,,"60"" x 96"" Flat Acrylic Wall Tibur Stone",7W0014-221.TS6298C
Product SKU list-2026,,"60"" x 96"" Flat Acrylic Wall Vienna Mist",7W0016-221.VM6298C
Product SKU list-2026,,"60"" x 96"" Flat Acrylic Wall White",7W0038-221.WH6298N
Product SKU list-2026,,"60"" x 96"" Flat Acrylic Wall Linen",7W0051-221.LN6298C
Product SKU list-2026,,CO.EX.125X45X67-WH (1),7W0100-WH4567
Product SKU list-2026,,CO.EX.125X45X67-BC (1),7W0101-LN4567
Product SKU list-2026,,WIT FLAT SURROUND SET-GRAY MARBLE,7W0106-GM6048
Product SKU list-2026,,"36"" x 96"" Acrytile Wall Subway White",7W2000-235.WH3898N
Product SKU list-2026,,"60"" x 96"" Acrytile Wall Subway White",7W2001-235.WH6298C
Product SKU list-2026,,"36"" x 96"" Acrytile Wall Subway Tibur Stone",7W2002-235.TS3898N
Product SKU list-2026,,"60"" x 96"" Acrytile Wall Subway Tibur Stone",7W2003-235.TS6298C
Product SKU list-2026,,"60"" x 96"" Acrytile Wall 12"" Tibur Stone",7W2012-221.TS6096N
Product SKU list-2026,,"36"" x 96"" Acrytile Wall 12"" Tibur Stone",7W2013-221.TS3696N
Product SKU list-2026,,"WIT 12"" TILE SURROUND SET-TIBERSTONE",7W2014-TS6048
Product SKU list-2026,,SS Back Wall 60x96 Grey Garden Subway,7W4100-245.GB6096N
Product SKU list-2026,,SS Side Wall 36x96 Grey Garden Subway,7W4101-245.GB3696N
Product SKU list-2026,,SS Side Wall 48x96 Grey Garden Subway,7W4102-245.GB4896N
Product SKU list-2026,,SS Back Wall 60x96 White Reef Subway,7W4103-245.WV6096N
Product SKU list-2026,,SS Side Wall 36x96 White Reef Subway,7W4104-245.WV3696N
Product SKU list-2026,,SS Side Wall 48x96 White Reef Subway,7W4105-245.WV4896N
Product SKU list-2026,,SS Back Wall 60x96 Bitusa Marble Subway,7W4106-245.BM6096N
Product SKU list-2026,,SS Side Wall 36x96 Bitusa Marble Subway,7W4107-245.BM3696N
Product SKU list-2026,,SS Side Wall 48x96 Bitusa Marble  Subway,7W4108-245.BM4896N
Product SKU list-2026,,SS Back Wall 60x96 Camden,7W4200-241.BA6096N
Product SKU list-2026,,SS Back Wall 36x96 Camden,7W4201-241.BA3696N
Product SKU list-2026,,SS Back Wall 48x96 Camden,7W4202-241.BA4896N
Product SKU list-2026,,SS Back Wall 60x96 Serenade,7W4203-241.SR6096N
Product SKU list-2026,,SS Back Wall 36x96 Serenade,7W4204-241.SR3696N
Product SKU list-2026,,SS Back Wall 48x96 Serenade,7W4205-241.SR4896N
Product SKU list-2026,,SS Back Wall 60x96 Thunder Oak,7W4206-241.BO6096N
Product SKU list-2026,,SS Back Wall 36x96 Thunder Oak,7W4207-241.BO3696N
Product SKU list-2026,,SS Back Wall 48x96 Thunder Oak,7W4208-241.BO4896N
Product SKU list-2026,,"36"" wall panel - Grey Garden Smooth",7W4213-241.GG3696V
Product SKU list-2026,,"48"" wall panel - Grey Garden Smooth",7W4214-241.GG4896V
Product SKU list-2026,,"60"" wall panel - Grey Garden Smooth",7W4215-241.GG6096V
Product SKU list-2026,,"36"" wall panel - White Reef Smooth",7W4216-241.WR3696V
Product SKU list-2026,,"48"" wall panel - White Reef Smooth",7W4217-241.WR4896V
Product SKU list-2026,,"60"" wall panel - White Reef Smooth",7W4218-241.WR6096V
Product SKU list-2026,,"36"" wall panel - Bitusa Marble Smooth",7W4219-241.BM3696V
Product SKU list-2026,,"48"" wall panel - Bitusa Marble Smooth",7W4220-241.BM4896V
Product SKU list-2026,,"60"" wall panel - Bitusa Marble Smooth",7W4221-241.BM6096V
Product SKU list-2026,,"SOLID SURFACE SUBWAY WALL 60"" X 96""",7W4701-245.WH6096N
Product SKU list-2026,,"SOLID SURFACE SUBWAY WALL 36"" X 96""",7W4702-245.WH3696N
Product SKU list-2026,,Solid Surface WH Smooth 60X96,7W4710-241.WH6096N
Product SKU list-2026,,Solid Surface WH Smooth 36X96,7W4711-241.WH3696N
Product SKU list-2026,,Empire Stone Rain Cloud carton 8 pcs,7W5000-251.ES1526N
Product SKU list-2026,,Colosseum Grecian Earth carton 8 pcs,7W5001-251.CO1526N
Product SKU list-2026,,Pisa Marble Carrara Marble carton 8 pcs,7W5002-251.PM1526N
Product SKU list-2026,,Mining House Ashen Slate carton 8 pcs,7W5003-251.MH1526N
Product SKU list-2026,,TRANS WHITE- SILICONE,7X0003-270.WH0012N
Product SKU list-2026,,Silicone GR Trans Gray,7X0004-270.TG0012N
Product SKU list-2026,,Silicone White,7X1000-260.WH0012N
Product SKU list-2026,,Silicone Roman Stone,7X1002-260.RS0012N
Product SKU list-2026,,Silicone Linen,7X1004-260.TS0012N
Product SKU list-2026,,Clear Silicone,7X1005-270.CL0010N
Product SKU list-2026,,Silicone Mrbl  Opaque Grey,7X1006-OG0012N
Product SKU list-2026,,Enamel Repair Kit .011 White,7Y4000-250.WH0015N
Product SKU list-2026,,Enamel Repair Kit .222 Linen,7Y4001-250.LN0015N
Product SKU list-2026,,,"80"" Threshold"
Product SKU list-2026,,Bidet with Side Panel,8012A80GRC-020
Product SKU list-2026,,Spectra Duo CH,9038254.002
Product SKU list-2026,,Spectra Duo MB,9038254.243
Product SKU list-2026,,Spectra Duo LB,9038254.278
Product SKU list-2026,,Spectra Duo BN,9038254.295
Product SKU list-2026,,Extention Kit GLinen 2848,9EXT-48GL
Product SKU list-2026,,Extention Kit GWhite-2848,9EXT-48GW
Product SKU list-2026,,Extention Kit GLinen 3052,9EXT-52GL
Product SKU list-2026,,Extention Kit GWH -3052,9EXT-52GW
Product SKU list-2026,,OD3052 EXT KIT GL,9EXT-OD3052GL
Product SKU list-2026,,OD3052 EXT KIT GW,9EXT-OD3052GW
Product SKU list-2026,,OD3252 EXT KIT GL,9EXT-OD3252GL
Product SKU list-2026,,OD3252 EXT KIT GW,9EXT-OD3252GW
Product SKU list-2026,,Tub Extender Linen,9EXT.L
Product SKU list-2026,,Tub Extender-White,9EXT.W
Product SKU list-2026,,"24"" Safety Bar Chrome",9GB-24
Product SKU list-2026,,Hand Shower Grab Bar,9HSB
Product SKU list-2026,,Neck Rest,9NRGRIP
Product SKU list-2026,,L Shaped Curt Rod Kit WH,9TC-48W
Product SKU list-2026,,,Additional Trimslate Sizes at Trumbull:
Product SKU list-2026,,2848.D1A.Combo Right Lin,DTC_CUSTOM
Product SKU list-2026,,SR Bathing for CC Entry,DTC_CUSTOM
Product SKU list-2026,,Drain Cover Type,Description
Product SKU list-2026,,BN,"Glenmere 24"" Towel Bar"
Product SKU list-2026,,CH,"Glenmere 24"" Towel Bar"
Product SKU list-2026,,MB,"Glenmere 24"" Towel Bar"
Product SKU list-2026,,BN,Glenmere Monoblock Faucet
Product SKU list-2026,,CH,Glenmere Monoblock Faucet
Product SKU list-2026,,MB,Glenmere Monoblock Faucet
Product SKU list-2026,,BN,Glenmere Robe Hook
Product SKU list-2026,,CH,Glenmere Robe Hook
Product SKU list-2026,,MB,Glenmere Robe Hook
Product SKU list-2026,,BN,Glenmere Toilet Paper Holder
Product SKU list-2026,,CH,Glenmere Toilet Paper Holder
Product SKU list-2026,,MB,Glenmere Toilet Paper Holder
Product SKU list-2026,,BN,Glenmere Towel Ring
Product SKU list-2026,,CH,Glenmere Towel Ring
Product SKU list-2026,,MB,Glenmere Towel Ring
Product SKU list-2026,,BN,Glenmere Wide Spread Faucet
Product SKU list-2026,,CH,Glenmere Wide Spread Faucet
Product SKU list-2026,,MB,Glenmere Wide Spread Faucet
Product SKU list-2026,,OLD_LongDescr,OLD_ProductID
Product SKU list-2026,,,P41-0201 DIV VALVE ASSY
Product SKU list-2026,,,P41-0204 CW VALVE
Product SKU list-2026,,,P41-0205 HW VALVE
Product SKU list-2026,,,P41-0320 HAND SHOWER
Product SKU list-2026,,,P41-0322 HAND SHWR HOSE ASSY
Product SKU list-2026,,,P41-0328 TUB FILLER
Product SKU list-2026,,,P41-0338 HAND SHWR DECK MOUNT ASSY
Product SKU list-2026,,750SH VALVE ROUGH W UNIVERSAL,RU101
Product SKU list-2026,,FLASH VALVE ROUGH W UNIVERSAL W SS,RU101SS
Product SKU list-2026,,Flash Valve Rough - Pex Option,RU107SS
Product SKU list-2026,,FLASH VALVE-COLD EXPANSIO,RU108SS
Product SKU list-2026,,RU531,RU531
Product SKU list-2026,,LongDescr,SAP_ProductID
Product SKU list-2026,,Temperature Control Valve,STMX
Product SKU list-2026,,Part #,Safety Package
Product SKU list-2026,,BN,"Studio 24"" Towel Bar"
Product SKU list-2026,,CH,"Studio 24"" Towel Bar"
Product SKU list-2026,,MB,"Studio 24"" Towel Bar"
Product SKU list-2026,,BN,Studio Monoblock Faucet
Product SKU list-2026,,CH,Studio Monoblock Faucet
Product SKU list-2026,,MB,Studio Monoblock Faucet
Product SKU list-2026,,BN,Studio Robe Hook
Product SKU list-2026,,CH,Studio Robe Hook
Product SKU list-2026,,MB,Studio Robe Hook
Product SKU list-2026,,BN,Studio Toilet Paper Holder
Product SKU list-2026,,CH,Studio Toilet Paper Holder
Product SKU list-2026,,MB,Studio Toilet Paper Holder
Product SKU list-2026,,BN,Studio Towel Ring
Product SKU list-2026,,CH,Studio Towel Ring
Product SKU list-2026,,MB,Studio Towel Ring
Product SKU list-2026,,BN,Studio Widespread Faucet
Product SKU list-2026,,CH,Studio Widespread Faucet
Product SKU list-2026,,MB,Studio Widespread Faucet
Product SKU list-2026,,EDGEMERE TRIM KIT- CHROME,TU018508.002
Product SKU list-2026,,Edgemere Tub/ Shower - MB,TU018508.243
Product SKU list-2026,,TOWNSEND TUB MB,TU018508.243
Product SKU list-2026,,EDGEMERE TUB/SHOWER- LB,TU018508.278
Product SKU list-2026,,EDGEMERE TRIM KIT-BN,TU018508.295
Product SKU list-2026,,Townsend Tub BN,TU018508.295
Product SKU list-2026,,COLONY PRO- CHROME,TU075508.002
Product SKU list-2026,,COLONY PRO- BN,TU075508.295
Product SKU list-2026,,Studio Tub CH,TU105508.002
Product SKU list-2026,,Studio Tub MB,TU105508.243
Product SKU list-2026,,Studio Tub BN,TU105508.295
Product SKU list-2026,,Townsend Tub CH,TU353508.002
Product SKU list-2026,,TOWNSEND TUB MB,TU353508.278
Product SKU list-2026,,Townsend Tub LB,TU353508.278
Product SKU list-2026,,Townsend Tub BN,TU353508.295
Product SKU list-2026,,GLENMERE TUB/SHOWER CHROME,TU617508.002
Product SKU list-2026,,GLENMERE TUB/SHOWER MATTE BLACK,TU617508.243
Product SKU list-2026,,GLENMERE TUB/SHOWER LEGACY BRONZE,TU617508.278
Product SKU list-2026,,GLENMERE TUB/SHOWER BRUSHED NICKEL,TU617508.295
Product SKU list-2026,,BN,"Townsend 24"" Towel Bar"
Product SKU list-2026,,CH,"Townsend 24"" Towel Bar"
Product SKU list-2026,,MB,"Townsend 24"" Towel Bar"
Product SKU list-2026,,BN,Townsend Monoblock Faucet
Product SKU list-2026,,CH,Townsend Monoblock Faucet
Product SKU list-2026,,MB,Townsend Monoblock Faucet
Product SKU list-2026,,BN,Townsend Robe Hook
Product SKU list-2026,,CH,Townsend Robe Hook
Product SKU list-2026,,MB,Townsend Robe Hook
Product SKU list-2026,,BN,Townsend Toilet Paper Holder
Product SKU list-2026,,CH,Townsend Toilet Paper Holder
Product SKU list-2026,,MB,Townsend Toilet Paper Holder
Product SKU list-2026,,BN,Townsend Towel Ring
Product SKU list-2026,,CH,Townsend Towel Ring
Product SKU list-2026,,MB,Townsend Towel Ring
Product SKU list-2026,,BN,Townsend Widespread Faucet
Product SKU list-2026,,CH,Townsend Widespread Faucet
Product SKU list-2026,,MB,Townsend Widespread Faucet
Product SKU list-2026,,7B5100-240.WH6032L,"Trimslate 60"" x 31 1/2"" LH"
